Loan_ID,Married,CoapplicantIncome,Loan_Status,EMI,EMI_exp,loan_avg,Long_Term_Loan,Medium_Term_Loan,Short_term_Loan,Credit_History_Bad,Rural,Semiurban,Urban,Male,Graduate,self_employed_No,self_employed_Unknown,1,2,3
LP001002,0,0.0,1,13450.000000000016,2.299538382629512,134500.0,0.0,0.0,0.0,0.0,0.0,0.0,1.0,1.0,1.0,1.0,0.0,0.0,0.0,0.0
LP001003,1,7.319202458767849,0,12800.000000000016,2.101461172221313,42666.66666666666,0.0,0.0,0.0,0.0,1.0,0.0,0.0,1.0,1.0,1.0,0.0,1.0,0.0,0.0
LP001005,1,0.0,1,5940.000000000199,1.9800000000000664,66000.0,0.0,0.0,0.0,0.0,0.0,0.0,1.0,1.0,1.0,0.0,0.0,0.0,0.0,0.0
LP001006,1,7.765993079407675,1,12000.000000000016,2.4286581663630877,60000.0,0.0,0.0,0.0,0.0,0.0,0.0,1.0,1.0,0.0,1.0,0.0,0.0,0.0,0.0
LP001008,0,0.0,1,14100.000000000018,2.350000000000003,141000.0,0.0,0.0,0.0,0.0,0.0,0.0,1.0,1.0,1.0,1.0,0.0,0.0,0.0,0.0
LP001011,1,8.34212526333359,1,26700.000000000036,2.777488817226676,66750.0,0.0,0.0,0.0,0.0,0.0,0.0,1.0,1.0,1.0,0.0,0.0,0.0,1.0,0.0
LP001013,1,7.324489979348532,1,9500.000000000013,2.46817355157184,47500.0,0.0,0.0,0.0,0.0,0.0,0.0,1.0,1.0,0.0,1.0,0.0,0.0,0.0,0.0
LP001014,1,7.826044013518965,0,22120.000000000004,3.992779783393503,31600.0,0.0,0.0,0.0,1.0,0.0,1.0,0.0,1.0,1.0,1.0,0.0,0.0,0.0,1.0
LP001018,1,7.3310603052186325,1,18480.0,3.3405639913232106,42000.0,0.0,0.0,0.0,0.0,0.0,0.0,1.0,1.0,1.0,1.0,0.0,0.0,1.0,0.0
LP001020,1,9.302828391411333,0,38390.0,1.612415473140409,116333.33333333331,0.0,0.0,0.0,0.0,0.0,1.0,0.0,1.0,1.0,1.0,0.0,1.0,0.0,0.0
LP001024,1,6.55250788703459,1,7000.000000000008,1.794871794871797,17500.0,0.0,0.0,0.0,0.0,0.0,0.0,1.0,1.0,1.0,1.0,0.0,0.0,1.0,0.0
LP001027,1,7.518064181233078,1,10900.000000000016,2.511520737327192,27250.0,0.0,0.0,0.0,0.0,0.0,0.0,1.0,1.0,1.0,0.0,1.0,0.0,1.0,0.0
LP001028,1,9.000483164987708,1,22000.0,1.96797566866446,50000.0,0.0,0.0,0.0,0.0,0.0,0.0,1.0,1.0,1.0,1.0,0.0,0.0,1.0,0.0
LP001029,0,7.951911381854188,0,11400.000000000016,2.429149797570853,57000.0,0.0,0.0,0.0,0.0,1.0,0.0,0.0,1.0,1.0,1.0,0.0,0.0,0.0,0.0
LP001030,1,6.99117688712121,1,1530.0493771129654,0.6415301371542832,4250.0,0.0,1.0,0.0,0.0,0.0,0.0,1.0,1.0,1.0,1.0,0.0,0.0,1.0,0.0
LP001032,0,0.0,1,12500.000000000016,2.5252525252525286,125000.0,0.0,0.0,0.0,0.0,0.0,0.0,1.0,1.0,1.0,1.0,0.0,0.0,0.0,0.0
LP001034,0,0.0,1,10000.000001163471,2.7808676310243245,50000.0,1.0,0.0,0.0,0.0,0.0,0.0,1.0,1.0,0.0,1.0,0.0,1.0,0.0,0.0
LP001036,0,0.0,0,9880.0,2.814814814814815,76000.0,0.0,0.0,0.0,1.0,0.0,0.0,1.0,0.0,1.0,1.0,0.0,0.0,0.0,0.0
LP001038,1,0.0,0,13300.000000000016,2.721506036423167,133000.0,0.0,0.0,0.0,0.0,1.0,0.0,0.0,1.0,0.0,1.0,0.0,0.0,0.0,0.0
LP001041,1,8.160803920954665,1,11500.000000000016,1.8852459016393464,57500.0,0.0,0.0,0.0,0.0,0.0,0.0,1.0,1.0,1.0,0.0,1.0,0.0,0.0,0.0
LP001043,1,0.0,0,13520.000000000002,1.7650130548302874,104000.0,0.0,0.0,0.0,1.0,0.0,0.0,1.0,1.0,0.0,1.0,0.0,0.0,0.0,0.0
LP001046,1,8.635153989049803,1,34650.0,2.992227979274612,105000.0,0.0,0.0,0.0,0.0,0.0,0.0,1.0,1.0,1.0,1.0,0.0,1.0,0.0,0.0
LP001047,1,7.555905093611346,0,15080.0,3.3429394812680115,58000.0,0.0,0.0,0.0,1.0,0.0,1.0,0.0,1.0,0.0,1.0,0.0,0.0,0.0,0.0
LP001050,1,7.559038255443384,0,14560.0,2.756531616811814,28000.0,0.0,0.0,0.0,1.0,1.0,0.0,0.0,1.0,0.0,1.0,0.0,0.0,1.0,0.0
LP001052,1,7.98139158158007,0,21140.000000000004,3.182776272207167,50333.333333333336,0.0,0.0,0.0,1.0,0.0,1.0,0.0,1.0,1.0,0.0,1.0,1.0,0.0,0.0
LP001066,1,0.0,1,19100.000000000025,1.9979079497907977,191000.0,0.0,0.0,0.0,0.0,0.0,1.0,0.0,1.0,1.0,0.0,0.0,0.0,0.0,0.0
LP001068,1,7.720461694599722,1,12200.000000000016,2.414885193982584,61000.0,0.0,0.0,0.0,0.0,0.0,1.0,0.0,1.0,1.0,1.0,0.0,0.0,0.0,0.0
LP001073,1,6.947937068614969,1,11000.000000000013,2.08887200911508,27500.0,0.0,0.0,0.0,0.0,0.0,0.0,1.0,1.0,0.0,1.0,0.0,0.0,1.0,0.0
LP001086,0,0.0,0,3500.000000000004,2.4271844660194204,35000.0,0.0,0.0,0.0,0.0,0.0,0.0,1.0,1.0,0.0,1.0,0.0,0.0,0.0,0.0
LP001087,0,7.642044402873258,1,12000.000000000016,2.0572604148808527,30000.0,0.0,0.0,0.0,0.0,0.0,1.0,0.0,0.0,1.0,0.0,1.0,0.0,1.0,0.0
LP001091,1,8.122668023346407,0,28140.000000000004,3.734571997345721,67000.0,0.0,0.0,0.0,1.0,0.0,0.0,1.0,1.0,1.0,0.0,1.0,1.0,0.0,0.0
LP001095,0,0.0,0,7400.000000000009,2.336596147773921,74000.0,0.0,0.0,0.0,0.0,0.0,0.0,1.0,1.0,1.0,1.0,0.0,0.0,0.0,0.0
LP001097,0,0.0,0,9540.00000000032,2.0332480818415006,53000.0,0.0,0.0,0.0,0.0,1.0,0.0,0.0,1.0,1.0,0.0,0.0,1.0,0.0,0.0
LP001098,1,7.419380582918692,1,11400.000000000016,2.2063092703696565,57000.0,0.0,0.0,0.0,0.0,0.0,1.0,0.0,1.0,1.0,1.0,0.0,0.0,0.0,0.0
LP001100,0,8.006700845440367,0,35200.0,2.270967741935484,64000.0,0.0,0.0,0.0,0.0,1.0,0.0,0.0,1.0,1.0,1.0,0.0,0.0,0.0,1.0
LP001106,1,7.63433723562832,1,13450.000000000016,3.0976508521418737,67250.0,0.0,0.0,0.0,0.0,0.0,0.0,1.0,1.0,1.0,1.0,0.0,0.0,0.0,0.0
LP001109,1,7.193685818395112,0,12999.999999999998,4.1165294490183655,50000.0,0.0,0.0,0.0,1.0,0.0,0.0,1.0,1.0,1.0,1.0,0.0,0.0,0.0,0.0
LP001112,1,7.286191714702382,1,14400.000000000016,2.809207959422555,72000.0,0.0,0.0,0.0,0.0,0.0,1.0,0.0,0.0,1.0,1.0,0.0,0.0,0.0,0.0
LP001114,0,8.88336291691676,1,20240.0,1.779184247538678,92000.0,0.0,0.0,0.0,0.0,0.0,0.0,1.0,1.0,1.0,1.0,0.0,0.0,0.0,0.0
LP001116,0,7.419979923661835,1,11000.000000000013,2.03101920236337,55000.0,0.0,0.0,0.0,0.0,0.0,1.0,0.0,1.0,0.0,1.0,0.0,0.0,0.0,0.0
LP001119,0,0.0,0,8000.00000000001,2.222222222222225,80000.0,0.0,0.0,0.0,0.0,0.0,0.0,1.0,1.0,1.0,1.0,0.0,0.0,0.0,0.0
LP001120,0,7.101675971619444,1,4700.0000000000055,1.559907069366082,23500.0,0.0,0.0,0.0,0.0,0.0,0.0,1.0,1.0,1.0,1.0,0.0,0.0,0.0,0.0
LP001123,1,0.0,1,7500.00000000001,3.125000000000004,75000.0,0.0,0.0,0.0,0.0,0.0,0.0,1.0,1.0,1.0,1.0,0.0,0.0,0.0,0.0
LP001131,1,7.756623334538858,1,13400.000000000016,2.134777760076472,67000.0,0.0,0.0,0.0,0.0,0.0,1.0,0.0,1.0,1.0,1.0,0.0,0.0,0.0,0.0
LP001136,1,0.0,1,8640.000000000291,1.8402555910543752,96000.0,0.0,0.0,0.0,0.0,0.0,0.0,1.0,1.0,0.0,0.0,0.0,0.0,0.0,0.0
LP001137,0,0.0,1,8800.000000000011,2.5806451612903256,88000.0,0.0,0.0,0.0,0.0,0.0,0.0,1.0,0.0,1.0,1.0,0.0,0.0,0.0,0.0
LP001138,1,0.0,1,4400.0000000000055,0.7788989201628617,22000.0,0.0,0.0,0.0,0.0,0.0,0.0,1.0,1.0,1.0,1.0,0.0,1.0,0.0,0.0
LP001144,1,0.0,1,15840.0,2.7211819275038653,144000.0,0.0,0.0,0.0,0.0,0.0,0.0,1.0,1.0,1.0,1.0,0.0,0.0,0.0,0.0
LP001146,1,8.14351740579748,0,15600.0,2.563681183237469,60000.0,0.0,0.0,0.0,1.0,0.0,0.0,1.0,0.0,1.0,1.0,0.0,0.0,0.0,0.0
LP001151,0,7.730174795246222,1,14400.000000000016,2.2948207171314765,72000.0,0.0,0.0,0.0,0.0,0.0,1.0,0.0,0.0,1.0,1.0,0.0,0.0,0.0,0.0
LP001155,1,7.405495663199472,1,10000.000000000013,2.7995520716685367,50000.0,0.0,0.0,0.0,0.0,0.0,1.0,0.0,0.0,0.0,1.0,0.0,0.0,0.0,0.0
LP001157,0,0.0,1,12000.000000000016,3.888528839922234,120000.0,0.0,0.0,0.0,0.0,0.0,1.0,0.0,0.0,1.0,1.0,0.0,0.0,0.0,0.0
LP001164,0,0.0,0,11200.000000000016,2.6477541371158426,112000.0,0.0,0.0,0.0,0.0,0.0,1.0,0.0,0.0,1.0,1.0,0.0,0.0,0.0,0.0
LP001179,1,0.0,0,13400.000000000016,2.9029462738301595,44666.66666666666,0.0,0.0,0.0,0.0,0.0,0.0,1.0,1.0,1.0,1.0,0.0,0.0,1.0,0.0
LP001186,1,0.0,0,37180.0,3.233043478260869,143000.0,0.0,0.0,0.0,1.0,0.0,0.0,1.0,0.0,1.0,0.0,0.0,1.0,0.0,0.0
LP001194,1,7.0630481633881725,1,9700.000000000013,2.503225806451616,24250.0,0.0,0.0,0.0,0.0,0.0,1.0,0.0,1.0,1.0,1.0,0.0,0.0,1.0,0.0
LP001195,1,7.3727463664043285,1,9600.000000000013,2.5785656728444835,48000.0,0.0,0.0,0.0,0.0,0.0,1.0,0.0,1.0,1.0,1.0,0.0,0.0,0.0,0.0
LP001197,1,7.696667081526462,0,13500.000000000016,2.4254401724757484,67500.0,0.0,0.0,0.0,0.0,1.0,0.0,0.0,1.0,1.0,1.0,0.0,0.0,0.0,0.0
LP001198,1,7.719129840906732,1,19800.0,1.91674733785092,60000.0,0.0,0.0,0.0,0.0,0.0,0.0,1.0,1.0,1.0,1.0,0.0,1.0,0.0,0.0
LP001199,1,7.958576903813898,1,15840.0,2.548262548262548,36000.0,0.0,0.0,0.0,0.0,0.0,0.0,1.0,1.0,0.0,1.0,0.0,0.0,1.0,0.0
LP001205,1,8.241966560231802,1,12000.000000000016,1.9059720457433316,60000.0,0.0,0.0,0.0,0.0,0.0,0.0,1.0,1.0,1.0,1.0,0.0,0.0,0.0,0.0
LP001206,1,0.0,1,9900.000000000013,3.2684054143281647,24750.0,0.0,0.0,0.0,0.0,0.0,0.0,1.0,1.0,1.0,1.0,0.0,0.0,0.0,1.0
LP001207,1,8.146129510025405,0,19800.00002737922,3.268405418847676,82500.0,0.0,1.0,0.0,1.0,1.0,0.0,0.0,1.0,0.0,0.0,0.0,0.0,0.0,0.0
LP001213,1,0.0,0,17485.0,3.5358948432760364,67250.0,0.0,0.0,0.0,1.0,1.0,0.0,0.0,1.0,1.0,1.0,0.0,1.0,0.0,0.0
LP001222,0,0.0,0,15080.0,3.619779164666346,116000.0,0.0,0.0,0.0,1.0,0.0,1.0,0.0,0.0,1.0,1.0,0.0,0.0,0.0,0.0
LP001225,1,8.432941638968646,0,28380.0,2.7497335529502958,129000.0,0.0,0.0,0.0,0.0,0.0,1.0,0.0,1.0,1.0,1.0,0.0,0.0,0.0,0.0
LP001228,0,7.720905251936779,0,15120.00002090777,2.772277231556247,63000.0,0.0,1.0,0.0,1.0,0.0,0.0,1.0,1.0,0.0,1.0,0.0,0.0,0.0,0.0
LP001233,1,0.0,1,34320.0,3.192558139534884,156000.0,0.0,0.0,0.0,0.0,0.0,0.0,1.0,1.0,1.0,1.0,0.0,1.0,0.0,0.0
LP001238,1,0.0,1,8903.65318750243,1.2540356602116098,31250.0,0.0,0.0,1.0,0.0,0.0,0.0,1.0,1.0,0.0,0.0,0.0,0.0,0.0,1.0
LP001241,0,0.0,0,17680.0,4.111627906976744,136000.0,0.0,0.0,0.0,1.0,0.0,1.0,0.0,0.0,1.0,1.0,0.0,0.0,0.0,0.0
LP001243,1,8.028455164114252,1,18920.0,3.015620019126554,86000.0,0.0,0.0,0.0,0.0,0.0,0.0,1.0,1.0,1.0,1.0,0.0,0.0,0.0,0.0
LP001245,1,7.53689712956617,1,8730.000000000293,2.328000000000078,24250.0,0.0,0.0,0.0,0.0,0.0,1.0,0.0,1.0,0.0,0.0,0.0,0.0,1.0,0.0
LP001248,0,0.0,1,8100.000000003095,2.3142857142865987,81000.0,1.0,0.0,0.0,0.0,0.0,1.0,0.0,1.0,1.0,1.0,0.0,0.0,0.0,0.0
LP001250,1,0.0,0,12350.0,2.59726603575184,23750.0,0.0,0.0,0.0,1.0,0.0,1.0,0.0,1.0,0.0,1.0,0.0,0.0,0.0,1.0
LP001253,1,7.4815557019095165,1,18700.000000000025,2.656250000000003,37400.0,0.0,0.0,0.0,0.0,0.0,1.0,0.0,1.0,1.0,0.0,0.0,0.0,0.0,1.0
LP001255,0,0.0,0,11300.0,3.013333333333333,113000.0,0.0,0.0,0.0,0.0,0.0,0.0,1.0,1.0,1.0,1.0,0.0,0.0,0.0,0.0
LP001256,0,8.46611040118692,0,19360.0,2.2776470588235296,88000.0,0.0,0.0,0.0,0.0,0.0,0.0,1.0,1.0,1.0,1.0,0.0,0.0,0.0,0.0
LP001259,1,8.014004994779459,0,9900.000000000333,2.461461959224349,36666.66666666666,0.0,0.0,0.0,0.0,0.0,0.0,1.0,1.0,1.0,0.0,0.0,1.0,0.0,0.0
LP001263,1,8.294299608857235,0,25200.000000000004,3.516115529510256,36000.0,1.0,0.0,0.0,1.0,0.0,1.0,0.0,1.0,1.0,1.0,0.0,0.0,0.0,1.0
LP001264,1,7.681099001536359,1,11700.000000000397,2.127659574468157,26000.0,0.0,0.0,0.0,0.0,0.0,1.0,0.0,1.0,0.0,0.0,0.0,0.0,0.0,1.0
LP001265,0,0.0,1,11100.000000000016,2.886115444617789,111000.0,0.0,0.0,0.0,0.0,0.0,1.0,0.0,0.0,1.0,1.0,0.0,0.0,0.0,0.0
LP001266,1,0.0,1,16000.00000000002,6.680584551148234,80000.0,0.0,0.0,0.0,0.0,0.0,1.0,0.0,1.0,1.0,0.0,0.0,1.0,0.0,0.0
LP001267,1,7.540090320145325,0,18370.0,5.636698373734275,41750.0,0.0,0.0,0.0,0.0,0.0,0.0,1.0,0.0,1.0,1.0,0.0,0.0,1.0,0.0
LP001273,1,7.719129840906732,0,37100.0,4.496969696969697,132500.0,0.0,0.0,0.0,1.0,0.0,1.0,0.0,1.0,1.0,1.0,0.0,0.0,0.0,0.0
LP001275,1,0.0,1,5000.000000581736,1.253761283997426,25000.0,1.0,0.0,0.0,0.0,0.0,0.0,1.0,1.0,1.0,1.0,0.0,1.0,0.0,0.0
LP001279,0,7.836764783264067,1,13600.000000000018,2.777210537063512,68000.0,0.0,0.0,0.0,0.0,0.0,1.0,0.0,1.0,1.0,1.0,0.0,0.0,0.0,0.0
LP001280,1,7.601402334583733,1,9900.000000000013,1.856366022876432,24750.0,0.0,0.0,0.0,0.0,0.0,1.0,0.0,1.0,0.0,1.0,0.0,0.0,1.0,0.0
LP001282,1,7.6586995582682995,1,10400.000000000013,2.2520571676050265,52000.0,0.0,0.0,0.0,0.0,0.0,1.0,0.0,1.0,1.0,1.0,0.0,0.0,0.0,0.0
LP001289,0,0.0,1,23100.0,2.696707915012841,210000.0,0.0,0.0,0.0,0.0,0.0,0.0,1.0,1.0,1.0,1.0,0.0,0.0,0.0,0.0
LP001310,1,8.335191583433202,1,19250.0,1.9519367268302577,87500.0,0.0,0.0,0.0,0.0,0.0,1.0,0.0,1.0,1.0,1.0,0.0,0.0,0.0,0.0
LP001316,1,7.972810784121404,1,13100.000000000016,2.23625810856948,65500.0,0.0,0.0,0.0,0.0,0.0,1.0,0.0,1.0,1.0,1.0,0.0,0.0,0.0,0.0
LP001318,1,8.640295388550221,1,18800.000666000476,1.5793011312164376,47000.0,0.0,1.0,0.0,0.0,0.0,1.0,0.0,1.0,1.0,1.0,0.0,0.0,1.0,0.0
LP001319,1,7.507141079727608,1,8100.00000000001,1.5904182210877695,20250.0,0.0,0.0,0.0,0.0,0.0,0.0,1.0,1.0,0.0,1.0,0.0,0.0,1.0,0.0
LP001322,0,0.0,1,12200.000000000016,2.951850955722239,122000.0,0.0,0.0,0.0,0.0,0.0,1.0,0.0,1.0,1.0,1.0,0.0,0.0,0.0,0.0
LP001325,0,0.0,1,2250.07261340142,0.6215670202766354,25000.0,0.0,1.0,0.0,0.0,0.0,1.0,0.0,1.0,0.0,1.0,0.0,0.0,0.0,0.0
LP001326,0,0.0,0,16250.000000000002,2.3960483633146565,125000.0,0.0,0.0,0.0,1.0,0.0,0.0,1.0,1.0,1.0,0.0,1.0,0.0,0.0,0.0
LP001327,1,7.741967899820685,1,13700.000000000018,2.8625156707062303,68500.0,0.0,0.0,0.0,0.0,0.0,1.0,0.0,0.0,1.0,1.0,0.0,0.0,0.0,0.0
LP001333,1,6.905753276311464,1,5000.000000000006,1.6812373907195717,25000.0,0.0,0.0,0.0,0.0,0.0,1.0,0.0,1.0,1.0,1.0,0.0,0.0,0.0,0.0
LP001334,1,0.0,1,10350.001897452008,2.47134715793983,115000.0,0.0,1.0,0.0,0.0,0.0,1.0,0.0,1.0,0.0,1.0,0.0,0.0,0.0,0.0
LP001343,1,8.17244681834278,1,13100.000000000016,2.47169811320755,65500.0,0.0,0.0,0.0,0.0,0.0,1.0,0.0,1.0,1.0,1.0,0.0,0.0,0.0,0.0
LP001345,1,8.090708716083997,1,11970.002194444496,1.5852207912123557,33250.0,0.0,1.0,0.0,0.0,0.0,0.0,1.0,1.0,0.0,1.0,0.0,0.0,1.0,0.0
LP001349,0,8.244596756382498,1,16610.0,1.9204532315874667,75500.0,0.0,0.0,0.0,0.0,0.0,1.0,0.0,1.0,1.0,1.0,0.0,0.0,0.0,0.0
LP001350,1,0.0,1,13450.000000000016,0.9853479853479864,134500.0,0.0,0.0,0.0,0.0,0.0,0.0,1.0,1.0,1.0,1.0,0.0,0.0,0.0,0.0
LP001356,1,8.18423477409482,1,13450.000000000016,1.6332726168791762,67250.0,0.0,0.0,0.0,0.0,0.0,1.0,0.0,1.0,1.0,1.0,0.0,0.0,0.0,0.0
LP001357,1,6.626717749249025,1,17600.0,3.851203501094092,80000.0,0.0,0.0,0.0,0.0,0.0,0.0,1.0,1.0,1.0,1.0,0.0,0.0,0.0,0.0
LP001367,1,6.93828448401696,1,10000.000000000013,2.4497795198432173,33333.333333333336,0.0,0.0,0.0,0.0,0.0,0.0,1.0,1.0,1.0,1.0,0.0,1.0,0.0,0.0
LP001369,1,7.027314514039777,1,24750.0,1.9732121502033009,56250.0,0.0,0.0,0.0,0.0,0.0,0.0,1.0,1.0,1.0,1.0,0.0,0.0,1.0,0.0
LP001370,0,0.0,0,12000.000000000016,1.636438019909998,120000.0,0.0,0.0,0.0,0.0,1.0,0.0,0.0,1.0,0.0,0.0,1.0,0.0,0.0,0.0
LP001379,1,8.188966863648876,0,30240.000000000004,4.086486486486487,54000.0,0.0,0.0,0.0,1.0,0.0,0.0,1.0,1.0,1.0,1.0,0.0,0.0,1.0,0.0
LP001384,1,6.626717749249025,1,9400.0,3.327433628318584,18800.0,0.0,0.0,0.0,0.0,0.0,1.0,0.0,1.0,0.0,1.0,0.0,0.0,0.0,1.0
LP001385,0,0.0,1,13600.000000000018,2.558314522197144,136000.0,0.0,0.0,0.0,0.0,0.0,0.0,1.0,1.0,1.0,1.0,0.0,0.0,0.0,0.0
LP001387,1,7.755338812846501,1,13900.000000000016,2.6415811478525306,69500.0,0.0,0.0,0.0,0.0,0.0,1.0,0.0,0.0,1.0,0.0,1.0,0.0,0.0,0.0
LP001391,1,8.32239411311117,0,21280.000000000004,2.7686703096539165,76000.0,0.0,0.0,0.0,1.0,1.0,0.0,0.0,1.0,0.0,1.0,0.0,0.0,0.0,0.0
LP001392,0,0.0,1,11475.000000000386,1.540061736679692,63750.0,0.0,0.0,0.0,0.0,0.0,1.0,0.0,0.0,1.0,0.0,0.0,1.0,0.0,0.0
LP001398,0,0.0,1,11800.000000000016,2.33663366336634,118000.0,0.0,0.0,0.0,0.0,0.0,1.0,0.0,1.0,1.0,0.0,1.0,0.0,0.0,0.0
LP001401,1,0.0,1,18500.000655372805,1.2686004700934517,92500.0,0.0,1.0,0.0,0.0,1.0,0.0,0.0,1.0,1.0,1.0,0.0,1.0,0.0,0.0
LP001404,1,7.7336835707759,1,16940.0,3.108256880733945,77000.0,0.0,0.0,0.0,0.0,0.0,1.0,0.0,0.0,1.0,1.0,0.0,0.0,0.0,0.0
LP001405,1,7.243512974665482,1,8500.000000000011,2.353266888150612,28333.33333333333,0.0,0.0,0.0,0.0,0.0,0.0,1.0,1.0,1.0,1.0,0.0,1.0,0.0,0.0
LP001421,1,7.669961995473577,0,19250.0,2.496757457846952,87500.0,0.0,0.0,0.0,0.0,1.0,0.0,0.0,1.0,1.0,1.0,0.0,0.0,0.0,0.0
LP001422,0,0.0,1,28490.0,2.7373174481168334,259000.0,0.0,0.0,0.0,0.0,0.0,0.0,1.0,0.0,1.0,1.0,0.0,0.0,0.0,0.0
LP001426,1,7.889084407035514,1,19800.0,2.375809935205184,90000.0,0.0,0.0,0.0,0.0,1.0,0.0,0.0,1.0,1.0,1.0,0.0,0.0,0.0,0.0
LP001430,0,0.0,1,4400.0000000000055,1.0561689870379274,44000.0,0.0,0.0,0.0,0.0,0.0,1.0,0.0,0.0,1.0,1.0,0.0,0.0,0.0,0.0
LP001431,0,9.10286651367095,1,17810.0,1.6020509130161014,68500.0,0.0,0.0,0.0,1.0,0.0,1.0,0.0,0.0,1.0,1.0,0.0,0.0,0.0,0.0
LP001432,1,0.0,1,8100.00000000001,2.739262766317217,27000.0,0.0,0.0,0.0,0.0,0.0,1.0,0.0,1.0,1.0,1.0,0.0,0.0,1.0,0.0
LP001439,1,7.608374474380783,1,21340.0,3.3797909407665507,97000.0,0.0,0.0,0.0,0.0,1.0,0.0,0.0,1.0,0.0,1.0,0.0,0.0,0.0,0.0
LP001443,0,0.0,1,9300.000000000013,2.518959913326114,93000.0,0.0,0.0,0.0,0.0,1.0,0.0,0.0,0.0,1.0,1.0,0.0,0.0,0.0,0.0
LP001448,1,0.0,1,40700.0,1.7098685039700878,92500.0,0.0,0.0,0.0,0.0,1.0,0.0,0.0,1.0,1.0,1.0,0.0,0.0,0.0,1.0
LP001449,0,7.403061091090091,1,13450.000000000016,2.4432334241598577,67250.0,0.0,0.0,0.0,0.0,1.0,0.0,0.0,1.0,1.0,1.0,0.0,0.0,0.0,0.0
LP001451,1,8.25608813381491,0,19200.00002654955,1.336768086510447,53333.333333333336,0.0,1.0,0.0,1.0,0.0,0.0,1.0,1.0,1.0,0.0,0.0,1.0,0.0,0.0
LP001465,1,7.851661177889265,0,25480.000000000004,2.9460053185339348,91000.0,0.0,0.0,0.0,1.0,1.0,0.0,0.0,1.0,1.0,1.0,0.0,0.0,0.0,0.0
LP001469,0,0.0,1,65000.0,3.223247049489239,650000.0,0.0,0.0,0.0,0.0,0.0,0.0,1.0,1.0,1.0,0.0,0.0,0.0,0.0,0.0
LP001473,0,7.5652752818989315,1,7400.000000000009,1.876743596246515,37000.0,0.0,0.0,0.0,0.0,0.0,0.0,1.0,1.0,1.0,1.0,0.0,0.0,0.0,0.0
LP001478,0,0.0,1,7000.000000000008,2.5754231052244325,70000.0,0.0,0.0,0.0,0.0,0.0,1.0,0.0,1.0,1.0,1.0,0.0,0.0,0.0,0.0
LP001482,1,0.0,1,2000.1950840203672,0.5782581913906815,25000.0,0.0,1.0,0.0,0.0,0.0,1.0,0.0,1.0,1.0,0.0,0.0,0.0,0.0,0.0
LP001487,0,0.0,1,10200.000000000013,2.0837589376915244,102000.0,0.0,0.0,0.0,0.0,0.0,1.0,0.0,1.0,1.0,1.0,0.0,0.0,0.0,0.0
LP001488,1,8.955577146281511,0,31900.0,2.7148936170212763,58000.0,0.0,0.0,0.0,0.0,0.0,1.0,0.0,1.0,1.0,1.0,0.0,0.0,0.0,1.0
LP001489,1,0.0,0,8400.000000000011,1.8328605716779427,84000.0,0.0,0.0,0.0,0.0,1.0,0.0,0.0,0.0,1.0,1.0,0.0,0.0,0.0,0.0
LP001491,1,8.160803920954665,1,7920.000000000266,1.1619718309859544,22000.0,0.0,0.0,0.0,0.0,0.0,0.0,1.0,1.0,1.0,0.0,0.0,0.0,1.0,0.0
LP001492,0,0.0,0,33880.0,2.2588172544836325,242000.0,0.0,0.0,0.0,1.0,0.0,1.0,0.0,1.0,1.0,1.0,0.0,0.0,0.0,0.0
LP001493,1,7.266128779556451,0,12900.000000000016,2.291296625222028,32250.0,0.0,0.0,0.0,0.0,1.0,0.0,0.0,1.0,0.0,1.0,0.0,0.0,1.0,0.0
LP001497,1,7.642044402873258,0,20350.0,2.856140350877193,46250.0,0.0,0.0,0.0,0.0,1.0,0.0,0.0,1.0,1.0,1.0,0.0,0.0,1.0,0.0
LP001498,0,0.0,1,18480.0,3.4114823703156727,168000.0,0.0,0.0,0.0,0.0,0.0,0.0,1.0,1.0,1.0,1.0,0.0,0.0,0.0,0.0
LP001504,0,0.0,1,15750.00288742697,2.2661874658168304,175000.0,0.0,1.0,0.0,0.0,0.0,1.0,0.0,1.0,1.0,0.0,0.0,0.0,0.0,0.0
LP001507,1,7.618251097876695,1,12200.000000000016,2.5781910397295045,61000.0,0.0,0.0,0.0,0.0,0.0,1.0,0.0,1.0,1.0,1.0,0.0,0.0,0.0,0.0
LP001508,1,0.0,1,18700.000662457915,1.590541861228027,62333.333333333336,0.0,1.0,0.0,0.0,0.0,0.0,1.0,1.0,1.0,1.0,0.0,0.0,1.0,0.0
LP001514,1,8.408939605975984,1,10000.000000000013,1.4671361502347438,50000.0,0.0,0.0,0.0,0.0,0.0,1.0,0.0,0.0,1.0,1.0,0.0,0.0,0.0,0.0
LP001516,1,0.0,1,7000.000000000008,0.4708731333243648,23333.33333333333,0.0,0.0,0.0,0.0,0.0,0.0,1.0,0.0,1.0,1.0,0.0,0.0,1.0,0.0
LP001518,1,7.262628600974241,1,3000.000000000004,1.0124873439082025,10000.0,0.0,0.0,0.0,0.0,0.0,0.0,1.0,1.0,1.0,1.0,0.0,1.0,0.0,0.0
LP001519,0,7.418780882750794,0,24750.0,2.121549802845877,112500.0,0.0,0.0,0.0,0.0,1.0,0.0,0.0,0.0,1.0,1.0,0.0,0.0,0.0,0.0
LP001520,1,6.7226297948554485,1,12500.000000000016,2.196836555360284,62500.0,0.0,0.0,0.0,0.0,0.0,1.0,0.0,1.0,1.0,1.0,0.0,0.0,0.0,0.0
LP001528,0,0.0,0,15340.0,2.443842599968137,118000.0,0.0,0.0,0.0,1.0,1.0,0.0,0.0,1.0,1.0,1.0,0.0,0.0,0.0,0.0
LP001529,1,8.229777750081887,1,15200.000000000018,2.402402402402405,76000.0,0.0,0.0,0.0,0.0,1.0,0.0,0.0,1.0,1.0,0.0,0.0,0.0,0.0,0.0
LP001531,0,0.0,0,26840.0,2.928212960942614,244000.0,0.0,0.0,0.0,0.0,0.0,0.0,1.0,1.0,1.0,1.0,0.0,0.0,0.0,0.0
LP001532,1,0.0,0,11300.000000000016,4.953967558088564,37666.66666666666,0.0,0.0,0.0,0.0,1.0,0.0,0.0,1.0,0.0,1.0,0.0,0.0,1.0,0.0
LP001535,0,0.0,1,5000.000000000006,1.5365703749231734,50000.0,0.0,0.0,0.0,0.0,0.0,0.0,1.0,1.0,1.0,1.0,0.0,0.0,0.0,0.0
LP001536,1,0.0,1,78000.00002177584,1.95004875176319,150000.0,0.0,1.0,0.0,1.0,0.0,1.0,0.0,1.0,1.0,1.0,0.0,0.0,0.0,1.0
LP001541,1,0.0,1,17600.0,2.933333333333333,80000.0,0.0,0.0,0.0,0.0,1.0,0.0,0.0,1.0,1.0,1.0,0.0,1.0,0.0,0.0
LP001543,1,0.0,1,20570.0,2.156636611448941,93500.0,0.0,0.0,0.0,0.0,0.0,0.0,1.0,1.0,1.0,1.0,0.0,1.0,0.0,0.0
LP001546,0,7.642044402873258,1,12000.000000000016,2.370136282836266,60000.0,0.0,0.0,0.0,0.0,1.0,0.0,0.0,1.0,1.0,0.0,1.0,0.0,0.0,0.0
LP001552,1,8.635153989049803,1,28050.0,2.747844827586207,127500.0,0.0,0.0,0.0,0.0,0.0,1.0,0.0,1.0,1.0,1.0,0.0,0.0,0.0,0.0
LP001560,1,6.948897222313312,1,9800.000000000013,3.3746556473829243,49000.0,0.0,0.0,0.0,0.0,0.0,1.0,0.0,1.0,0.0,1.0,0.0,0.0,0.0,0.0
LP001562,1,0.0,0,30250.0,3.813185427959158,275000.0,0.0,0.0,0.0,0.0,0.0,0.0,1.0,1.0,1.0,1.0,0.0,0.0,0.0,0.0
LP001565,1,7.155396301896734,0,15729.999999999998,3.6003662165255204,40333.333333333336,0.0,0.0,0.0,1.0,0.0,1.0,0.0,1.0,1.0,1.0,0.0,1.0,0.0,0.0
LP001570,1,7.277938572945661,1,17380.0,3.095831848949056,39500.0,0.0,0.0,0.0,0.0,1.0,0.0,0.0,1.0,1.0,1.0,0.0,0.0,1.0,0.0
LP001572,1,0.0,1,6750.001237468701,0.7240160074513248,75000.0,0.0,1.0,0.0,0.0,0.0,0.0,1.0,1.0,1.0,1.0,0.0,0.0,0.0,0.0
LP001574,1,8.06054004653864,1,20020.0,2.912847373781464,91000.0,0.0,0.0,0.0,0.0,1.0,0.0,0.0,1.0,1.0,1.0,0.0,0.0,0.0,0.0
LP001577,1,0.0,0,11200.000000000016,2.4438140955705903,112000.0,0.0,0.0,0.0,0.0,1.0,0.0,0.0,0.0,1.0,1.0,0.0,0.0,0.0,0.0
LP001578,1,8.111928063310739,1,12900.000000000016,2.234927234927237,64500.0,0.0,0.0,0.0,0.0,1.0,0.0,0.0,1.0,1.0,1.0,0.0,0.0,0.0,0.0
LP001579,0,0.0,0,8190.0,3.661153330353152,63000.0,0.0,0.0,0.0,1.0,0.0,1.0,0.0,1.0,1.0,1.0,0.0,0.0,0.0,0.0
LP001580,1,0.0,1,22000.0,2.75,66666.66666666667,0.0,0.0,0.0,0.0,0.0,1.0,0.0,1.0,1.0,1.0,0.0,0.0,1.0,0.0
LP001581,1,7.478734825567875,1,9500.000000000013,2.646976873781001,47500.0,0.0,0.0,0.0,0.0,1.0,0.0,0.0,1.0,0.0,0.0,1.0,0.0,0.0,0.0
LP001585,1,0.0,1,77000.00000000195,1.4875490215018827,175000.0,1.0,0.0,0.0,0.0,0.0,0.0,1.0,1.0,1.0,1.0,0.0,0.0,0.0,1.0
LP001586,1,0.0,0,7290.001336466196,2.069847057486143,20250.0,0.0,1.0,0.0,0.0,1.0,0.0,0.0,1.0,0.0,1.0,0.0,0.0,0.0,1.0
LP001594,1,8.635153989049803,1,20570.0,1.8150533839230565,93500.0,0.0,0.0,0.0,0.0,0.0,1.0,0.0,1.0,1.0,1.0,0.0,0.0,0.0,0.0
LP001603,1,6.602587892189336,0,7830.000000000264,1.5413385826772172,43500.0,0.0,0.0,0.0,0.0,0.0,1.0,0.0,1.0,0.0,0.0,0.0,0.0,0.0,0.0
LP001606,1,7.583247524303362,1,11600.000000000016,2.124153085515476,58000.0,0.0,0.0,0.0,0.0,1.0,0.0,0.0,1.0,1.0,1.0,0.0,0.0,0.0,0.0
LP001608,1,7.3901814282264295,1,10100.000000000013,2.7565502183406148,25250.0,0.0,0.0,0.0,0.0,1.0,0.0,0.0,1.0,1.0,1.0,0.0,0.0,1.0,0.0
LP001610,1,9.332646496360152,0,69300.0,4.121075166508088,99000.0,0.0,0.0,0.0,1.0,0.0,1.0,0.0,1.0,1.0,1.0,0.0,0.0,0.0,1.0
LP001616,1,0.0,1,11600.000000000016,3.0933333333333373,58000.0,0.0,0.0,0.0,0.0,0.0,1.0,0.0,1.0,1.0,1.0,0.0,1.0,0.0,0.0
LP001630,0,7.280697195384741,0,13260.0,3.504228329809725,51000.0,0.0,0.0,0.0,1.0,0.0,0.0,1.0,1.0,0.0,1.0,0.0,0.0,0.0,0.0
LP001633,1,8.888894669371593,0,25200.000000000004,1.8461538461538465,60000.0,0.0,0.0,0.0,1.0,0.0,0.0,1.0,1.0,1.0,1.0,0.0,1.0,0.0,0.0
LP001634,0,8.529911963824013,0,8710.0,1.2480298036968047,33500.0,0.0,0.0,0.0,1.0,1.0,0.0,0.0,1.0,1.0,1.0,0.0,0.0,0.0,0.0
LP001636,1,0.0,1,6570.001204469535,1.4282611314064206,73000.0,0.0,1.0,0.0,0.0,0.0,1.0,0.0,1.0,1.0,1.0,0.0,0.0,0.0,0.0
LP001637,1,0.0,0,28600.0,0.8450038409265497,130000.0,0.0,0.0,0.0,0.0,0.0,1.0,0.0,1.0,1.0,1.0,0.0,1.0,0.0,0.0
LP001639,1,0.0,1,10800.000000000016,2.9793103448275904,108000.0,0.0,0.0,0.0,0.0,0.0,1.0,0.0,0.0,1.0,1.0,0.0,0.0,0.0,0.0
LP001640,1,8.46611040118692,1,10800.000000000362,0.2460304804428631,60000.0,0.0,0.0,0.0,0.0,0.0,1.0,0.0,1.0,1.0,0.0,0.0,0.0,0.0,0.0
LP001641,1,0.0,0,7920.000000000013,3.636363636363642,33000.0,1.0,0.0,0.0,1.0,1.0,0.0,0.0,1.0,1.0,0.0,0.0,1.0,0.0,0.0
LP001643,1,7.668093709082406,1,5800.000000000007,1.2829020128290218,29000.0,0.0,0.0,0.0,0.0,1.0,0.0,0.0,1.0,1.0,1.0,0.0,0.0,0.0,0.0
LP001644,1,8.574895901544526,1,16800.000000000022,2.8140703517587977,84000.0,0.0,0.0,0.0,0.0,1.0,0.0,0.0,1.0,1.0,0.0,0.0,0.0,0.0,0.0
LP001647,1,0.0,1,18800.000666000476,2.015437464193876,188000.0,0.0,1.0,0.0,0.0,1.0,0.0,0.0,1.0,1.0,1.0,0.0,0.0,0.0,0.0
LP001653,0,0.0,1,4800.000000000006,0.9825997952917106,48000.0,0.0,0.0,0.0,0.0,1.0,0.0,0.0,1.0,0.0,1.0,0.0,0.0,0.0,0.0
LP001656,0,0.0,0,18040.0,1.5033333333333334,164000.0,0.0,0.0,0.0,0.0,0.0,1.0,0.0,1.0,1.0,1.0,0.0,0.0,0.0,0.0
LP001657,1,0.0,0,17600.0,2.917288247969501,160000.0,0.0,0.0,0.0,0.0,0.0,0.0,1.0,1.0,0.0,1.0,0.0,0.0,0.0,0.0
LP001658,0,0.0,1,7600.000000000009,1.9699326075686907,76000.0,0.0,0.0,0.0,0.0,0.0,1.0,0.0,1.0,1.0,1.0,0.0,0.0,0.0,0.0
LP001664,0,0.0,1,12000.000000000016,2.8632784538296385,120000.0,0.0,0.0,0.0,0.0,1.0,0.0,0.0,1.0,1.0,1.0,0.0,0.0,0.0,0.0
LP001665,1,7.857093864902493,0,18700.0,3.276103714085494,56666.66666666666,0.0,0.0,0.0,0.0,0.0,1.0,0.0,1.0,1.0,1.0,0.0,1.0,0.0,0.0
LP001666,0,8.229777750081887,1,20570.0,1.702391790118348,93500.0,0.0,0.0,0.0,0.0,1.0,0.0,0.0,1.0,1.0,1.0,0.0,0.0,0.0,0.0
LP001669,0,7.768956044538332,1,12000.000000000016,2.808988764044947,60000.0,0.0,0.0,0.0,0.0,0.0,0.0,1.0,0.0,0.0,1.0,0.0,0.0,0.0,0.0
LP001671,1,7.943427767876373,1,11300.000000000016,1.8132220795892195,56500.0,0.0,0.0,0.0,0.0,0.0,1.0,0.0,0.0,1.0,1.0,0.0,0.0,0.0,0.0
LP001673,0,0.0,0,7470.000000000251,0.679090909090932,83000.0,0.0,0.0,0.0,0.0,0.0,0.0,1.0,1.0,1.0,0.0,0.0,0.0,0.0,0.0
LP001674,1,7.824445930877619,1,9000.000000000011,1.7647058823529431,30000.0,0.0,0.0,0.0,0.0,0.0,1.0,0.0,1.0,0.0,1.0,0.0,1.0,0.0,0.0
LP001677,0,0.0,1,23240.000000000004,4.72069876091814,55333.333333333336,0.0,0.0,0.0,1.0,0.0,1.0,0.0,1.0,1.0,1.0,0.0,0.0,1.0,0.0
LP001682,1,0.0,0,10170.001864452845,2.547595657428067,28250.0,0.0,1.0,0.0,0.0,0.0,0.0,1.0,1.0,0.0,1.0,0.0,0.0,0.0,1.0
LP001688,1,6.988413181999592,1,13500.000000000016,2.945668775910979,45000.0,0.0,0.0,0.0,0.0,0.0,0.0,1.0,1.0,0.0,1.0,0.0,1.0,0.0,0.0
LP001691,1,0.0,1,12400.000000000016,3.165688026550936,41333.333333333336,0.0,0.0,0.0,0.0,0.0,1.0,0.0,1.0,0.0,1.0,0.0,0.0,1.0,0.0
LP001692,0,0.0,1,12000.000000000016,2.722323049001818,120000.0,0.0,0.0,0.0,0.0,0.0,1.0,0.0,0.0,0.0,1.0,0.0,0.0,0.0,0.0
LP001693,0,0.0,1,8000.00000000001,2.466091245376082,80000.0,0.0,0.0,0.0,0.0,0.0,0.0,1.0,0.0,1.0,1.0,0.0,0.0,0.0,0.0
LP001698,0,7.836764783264067,1,5500.000000000006,0.8453735013833394,27500.0,0.0,0.0,0.0,0.0,1.0,0.0,0.0,1.0,0.0,1.0,0.0,0.0,0.0,0.0
LP001699,0,0.0,1,5900.000000000008,2.379991932230741,59000.0,0.0,0.0,0.0,0.0,0.0,0.0,1.0,1.0,1.0,1.0,0.0,0.0,0.0,0.0
LP001702,0,0.0,0,12700.000000000016,3.7156231714452943,127000.0,0.0,0.0,0.0,0.0,0.0,1.0,0.0,1.0,1.0,1.0,0.0,0.0,0.0,0.0
LP001708,0,0.0,0,23540.0,2.354,214000.0,0.0,0.0,0.0,0.0,0.0,1.0,0.0,0.0,1.0,1.0,0.0,0.0,0.0,0.0
LP001711,1,7.1316985104669115,0,16640.0,3.555555555555556,25600.0,0.0,0.0,0.0,1.0,0.0,1.0,0.0,1.0,1.0,1.0,0.0,0.0,0.0,1.0
LP001713,1,0.0,1,24000.00000000003,3.0820598433286284,120000.0,0.0,0.0,0.0,0.0,0.0,0.0,1.0,1.0,1.0,0.0,0.0,1.0,0.0,0.0
LP001715,1,0.0,1,11700.000000000397,2.051551814834367,32500.0,0.0,0.0,0.0,0.0,1.0,0.0,0.0,1.0,0.0,0.0,0.0,0.0,0.0,1.0
LP001716,1,8.013674142832684,1,13700.000000000018,2.2118178882789827,68500.0,0.0,0.0,0.0,0.0,0.0,0.0,1.0,1.0,1.0,1.0,0.0,0.0,0.0,0.0
LP001720,1,6.891625897052253,1,10000.000000000013,2.0691082143596136,20000.0,0.0,0.0,0.0,0.0,0.0,1.0,0.0,1.0,0.0,1.0,0.0,0.0,0.0,1.0
LP001722,1,7.496097345175956,0,13500.000000000016,6.923076923076931,67500.0,0.0,0.0,0.0,0.0,1.0,0.0,0.0,1.0,1.0,1.0,0.0,0.0,0.0,0.0
LP001726,1,7.4821189235521155,1,13100.000000000016,2.380952380952384,65500.0,0.0,0.0,0.0,0.0,0.0,1.0,0.0,1.0,1.0,1.0,0.0,0.0,0.0,0.0
LP001732,1,0.0,0,9360.0,1.872,24000.0,0.0,0.0,0.0,1.0,0.0,1.0,0.0,1.0,1.0,0.0,1.0,0.0,1.0,0.0
LP001734,1,7.776535028185241,1,12700.000000000016,1.905190519051908,31750.0,0.0,0.0,0.0,0.0,0.0,1.0,0.0,0.0,1.0,1.0,0.0,0.0,1.0,0.0
LP001736,1,0.0,0,7800.0,3.511931562359297,60000.0,0.0,0.0,0.0,1.0,0.0,0.0,1.0,1.0,1.0,1.0,0.0,0.0,0.0,0.0
LP001743,1,7.4489161025442,1,11600.000000000016,2.0258470136220774,29000.0,0.0,0.0,0.0,0.0,0.0,1.0,0.0,1.0,1.0,1.0,0.0,0.0,1.0,0.0
LP001744,0,7.934513463882263,1,14400.000000000016,2.499132245748007,72000.0,0.0,0.0,0.0,0.0,0.0,1.0,0.0,1.0,1.0,1.0,0.0,0.0,0.0,0.0
LP001749,1,6.918695219020472,1,19250.0,2.2414997671169075,87500.0,0.0,0.0,0.0,0.0,0.0,1.0,0.0,1.0,1.0,1.0,0.0,0.0,0.0,0.0
LP001750,1,0.0,1,12800.000000000016,2.0480000000000027,128000.0,0.0,0.0,0.0,0.0,0.0,1.0,0.0,1.0,1.0,1.0,0.0,0.0,0.0,0.0
LP001751,1,0.0,0,18700.0,5.753846153846154,170000.0,0.0,0.0,0.0,0.0,1.0,0.0,0.0,1.0,1.0,1.0,0.0,0.0,0.0,0.0
LP001754,1,0.0,0,12420.000000000418,2.623020063358061,138000.0,0.0,0.0,0.0,0.0,0.0,0.0,1.0,1.0,0.0,0.0,0.0,0.0,0.0,0.0
LP001758,1,7.4360278163518485,1,23100.0,2.907488986784141,52500.0,0.0,0.0,0.0,0.0,0.0,1.0,0.0,1.0,1.0,1.0,0.0,0.0,1.0,0.0
LP001760,1,0.0,1,17380.0,3.6527952921395546,158000.0,0.0,0.0,0.0,0.0,0.0,1.0,0.0,1.0,1.0,1.0,0.0,0.0,0.0,0.0
LP001761,0,0.0,1,20000.000000000025,3.125000000000004,200000.0,0.0,0.0,0.0,0.0,1.0,0.0,0.0,1.0,1.0,0.0,0.0,0.0,0.0,0.0
LP001765,1,7.628031126930335,1,10400.000000000013,2.288228822882291,34666.666666666664,0.0,0.0,0.0,0.0,0.0,1.0,0.0,1.0,1.0,1.0,0.0,1.0,0.0,0.0
LP001768,1,0.0,1,3780.000692982472,1.0172230067229473,42000.0,0.0,1.0,0.0,0.0,1.0,0.0,0.0,1.0,1.0,0.0,1.0,0.0,0.0,0.0
LP001770,0,7.8628820346414905,1,12000.000000000016,2.073613271124937,60000.0,0.0,0.0,0.0,0.0,1.0,0.0,0.0,1.0,0.0,1.0,0.0,0.0,0.0,0.0
LP001776,0,0.0,1,30800.000000000004,3.696147845913837,280000.0,0.0,0.0,0.0,0.0,0.0,1.0,0.0,0.0,1.0,1.0,0.0,0.0,0.0,0.0
LP001778,1,7.484368643286131,1,14000.000000000016,2.8374543980543203,46666.66666666666,0.0,0.0,0.0,0.0,0.0,1.0,0.0,1.0,1.0,1.0,0.0,1.0,0.0,0.0
LP001784,1,7.13966033596492,1,18700.0,2.766272189349112,56666.66666666666,0.0,0.0,0.0,0.0,1.0,0.0,0.0,1.0,1.0,1.0,0.0,1.0,0.0,0.0
LP001786,1,0.0,0,35700.0,6.21301775147929,255000.0,0.0,0.0,0.0,1.0,0.0,0.0,1.0,1.0,1.0,0.0,1.0,0.0,0.0,0.0
LP001788,0,0.0,1,10980.00000000037,3.170661276350092,122000.0,0.0,0.0,0.0,0.0,0.0,0.0,1.0,0.0,1.0,0.0,0.0,0.0,0.0,0.0
LP001790,0,0.0,1,11200.000000000016,2.9380902413431307,56000.0,0.0,0.0,0.0,0.0,1.0,0.0,0.0,0.0,1.0,1.0,0.0,1.0,0.0,0.0
LP001792,1,0.0,1,9600.000000000013,2.8959276018099587,48000.0,0.0,0.0,0.0,0.0,0.0,1.0,0.0,1.0,1.0,1.0,0.0,1.0,0.0,0.0
LP001798,1,8.517393171418904,1,12000.000000000016,1.1091598114428334,30000.0,0.0,0.0,0.0,0.0,1.0,0.0,0.0,1.0,1.0,1.0,0.0,0.0,1.0,0.0
LP001800,1,7.592870287844818,0,12600.002309941574,2.8043628555400786,46666.66666666666,0.0,1.0,0.0,0.0,0.0,0.0,1.0,1.0,0.0,1.0,0.0,1.0,0.0,0.0
LP001806,0,8.648572269472618,1,14029.70003445537,1.6189360759814644,77500.0,0.0,0.0,1.0,0.0,0.0,0.0,1.0,1.0,1.0,1.0,0.0,0.0,0.0,0.0
LP001807,1,7.170888478512505,1,9720.000000000326,1.2874172185430894,27000.0,0.0,0.0,0.0,0.0,1.0,0.0,0.0,1.0,1.0,0.0,0.0,0.0,1.0,0.0
LP001811,1,8.393442383980062,1,12300.000000000016,1.5722868464783353,61500.0,0.0,0.0,0.0,0.0,0.0,1.0,0.0,1.0,0.0,1.0,0.0,0.0,0.0,0.0
LP001813,0,8.374246182096304,0,9600.00924688941,0.9245891598660706,60000.0,0.0,1.0,0.0,0.0,0.0,0.0,1.0,1.0,1.0,0.0,0.0,0.0,0.0,0.0
LP001814,1,0.0,1,11200.000000000016,1.154282180768836,37333.333333333336,0.0,0.0,0.0,0.0,0.0,0.0,1.0,1.0,1.0,1.0,0.0,0.0,1.0,0.0
LP001819,1,0.0,1,12330.002260442829,1.8659204389289992,68500.0,0.0,1.0,0.0,0.0,0.0,0.0,1.0,1.0,0.0,1.0,0.0,1.0,0.0,0.0
LP001824,1,7.519692404116539,1,12300.0,2.6031746031746037,41000.0,0.0,0.0,0.0,0.0,0.0,1.0,0.0,1.0,1.0,1.0,0.0,1.0,0.0,0.0
LP001825,1,7.533158807455563,1,9000.000000000011,2.4476475387544223,45000.0,0.0,0.0,0.0,0.0,0.0,0.0,1.0,1.0,1.0,1.0,0.0,0.0,0.0,0.0
LP001835,1,8.266421472984554,0,28140.000000000004,5.062972292191437,100500.0,0.0,0.0,0.0,1.0,0.0,1.0,0.0,1.0,0.0,1.0,0.0,0.0,0.0,0.0
LP001836,0,0.0,0,13800.000000000018,4.026845637583898,46000.0,0.0,0.0,0.0,0.0,0.0,0.0,1.0,0.0,1.0,1.0,0.0,0.0,1.0,0.0
LP001841,0,7.681560362559537,1,9360.000000000317,1.97052631578954,52000.0,0.0,0.0,0.0,0.0,1.0,0.0,0.0,1.0,0.0,0.0,0.0,0.0,0.0,0.0
LP001843,1,8.868131713503033,1,27900.00098837304,2.858020998604081,93000.0,0.0,1.0,0.0,0.0,0.0,1.0,0.0,1.0,0.0,1.0,0.0,1.0,0.0,0.0
LP001844,0,0.0,0,24960.0,1.536,192000.0,0.0,0.0,0.0,1.0,0.0,0.0,1.0,1.0,1.0,0.0,0.0,0.0,0.0,0.0
LP001846,0,0.0,1,28050.0,9.098280895231916,63750.0,0.0,0.0,0.0,0.0,1.0,0.0,0.0,0.0,1.0,1.0,0.0,0.0,0.0,1.0
LP001849,0,0.0,0,14950.0,2.4731182795698925,115000.0,0.0,0.0,0.0,1.0,1.0,0.0,0.0,1.0,0.0,1.0,0.0,0.0,0.0,0.0
LP001854,1,0.0,0,9400.000000000013,1.7904761904761926,23500.0,0.0,0.0,0.0,0.0,0.0,0.0,1.0,1.0,1.0,1.0,0.0,0.0,0.0,1.0
LP001859,1,7.650168700845001,0,33440.0,1.9924924030268725,152000.0,0.0,0.0,0.0,0.0,1.0,0.0,0.0,1.0,1.0,1.0,0.0,0.0,0.0,0.0
LP001864,1,0.0,0,16640.0,3.37456905293044,32000.0,0.0,0.0,0.0,1.0,0.0,1.0,0.0,1.0,0.0,1.0,0.0,0.0,0.0,1.0
LP001865,1,8.35490952835879,1,36300.0,3.513016548920933,110000.0,0.0,0.0,0.0,0.0,0.0,0.0,1.0,1.0,1.0,1.0,0.0,1.0,0.0,0.0
LP001868,0,7.700747794511798,1,13400.000000000016,3.1389084094635784,67000.0,0.0,0.0,0.0,0.0,0.0,1.0,0.0,1.0,1.0,1.0,0.0,0.0,0.0,0.0
LP001870,0,0.0,0,14606.432745854914,4.196045028972971,77500.0,0.0,0.0,1.0,0.0,0.0,1.0,0.0,0.0,1.0,1.0,0.0,1.0,0.0,0.0
LP001871,0,0.0,1,12000.000000000016,1.6666666666666687,120000.0,0.0,0.0,0.0,0.0,1.0,0.0,0.0,0.0,1.0,1.0,0.0,0.0,0.0,0.0
LP001872,0,0.0,1,11520.000000000387,2.2299651567945,128000.0,0.0,0.0,0.0,0.0,0.0,1.0,0.0,1.0,1.0,0.0,0.0,0.0,0.0,0.0
LP001875,0,8.145549631783584,1,15100.00000000002,2.002121453195441,75500.0,0.0,0.0,0.0,0.0,1.0,0.0,0.0,1.0,1.0,1.0,0.0,0.0,0.0,0.0
LP001877,1,7.23561914106675,1,16500.0,2.7071369975389663,37500.0,0.0,0.0,0.0,0.0,0.0,1.0,0.0,1.0,1.0,1.0,0.0,0.0,1.0,0.0
LP001882,1,7.502186486602924,1,22400.000000000004,3.645833333333334,32000.0,0.0,0.0,0.0,1.0,0.0,0.0,1.0,1.0,1.0,1.0,0.0,0.0,0.0,1.0
LP001883,0,0.0,0,13500.000000000016,3.949678174370982,135000.0,0.0,0.0,0.0,0.0,1.0,0.0,0.0,0.0,1.0,0.0,1.0,0.0,0.0,0.0
LP001884,0,7.353081920515432,1,9000.000000000011,2.0288548241659177,30000.0,0.0,0.0,0.0,0.0,0.0,0.0,1.0,0.0,1.0,1.0,0.0,1.0,0.0,0.0
LP001888,0,0.0,1,3000.000000000004,0.926784059314181,30000.0,0.0,0.0,0.0,0.0,0.0,0.0,1.0,0.0,1.0,1.0,0.0,0.0,0.0,0.0
LP001891,1,0.0,1,13600.000000000018,1.220168670375024,136000.0,0.0,0.0,0.0,0.0,0.0,0.0,1.0,1.0,1.0,1.0,0.0,0.0,0.0,0.0
LP001892,0,7.527255919373784,1,12600.000000000016,2.686567164179108,63000.0,0.0,0.0,0.0,0.0,1.0,0.0,0.0,1.0,1.0,1.0,0.0,0.0,0.0,0.0
LP001894,1,7.707062655370473,1,16500.0,3.40697914515796,75000.0,0.0,0.0,0.0,0.0,0.0,1.0,0.0,1.0,1.0,1.0,0.0,0.0,0.0,0.0
LP001896,1,0.0,1,9000.000000000011,2.3076923076923106,30000.0,0.0,0.0,0.0,0.0,0.0,1.0,0.0,1.0,1.0,1.0,0.0,0.0,1.0,0.0
LP001900,1,7.519149957669823,1,11500.000000000016,2.504355400696867,38333.333333333336,0.0,0.0,0.0,0.0,0.0,1.0,0.0,1.0,1.0,1.0,0.0,1.0,0.0,0.0
LP001903,1,8.094073148069352,1,22770.0,3.133342507224439,103500.0,0.0,0.0,0.0,0.0,0.0,1.0,0.0,1.0,1.0,1.0,0.0,0.0,0.0,0.0
LP001904,1,7.170888478512505,1,8000.00000000001,1.816942993413584,40000.0,0.0,0.0,0.0,0.0,0.0,0.0,1.0,1.0,1.0,1.0,0.0,0.0,0.0,0.0
LP001907,1,0.0,1,47960.0,3.288760885963108,436000.0,0.0,0.0,0.0,0.0,0.0,1.0,0.0,1.0,1.0,1.0,0.0,0.0,0.0,0.0
LP001908,1,0.0,1,12400.000000000016,3.024390243902443,124000.0,0.0,0.0,0.0,0.0,1.0,0.0,0.0,0.0,0.0,1.0,0.0,0.0,0.0,0.0
LP001910,0,7.794411205726601,0,20540.0,3.170242321345887,52666.66666666666,0.0,0.0,0.0,1.0,0.0,0.0,1.0,1.0,0.0,0.0,0.0,1.0,0.0,0.0
LP001914,1,6.68586094706836,1,11200.000000000016,2.3693674635075133,56000.0,0.0,0.0,0.0,0.0,0.0,1.0,0.0,1.0,1.0,1.0,0.0,0.0,0.0,0.0
LP001915,1,6.894467372292008,1,7020.001286967449,2.135816390721799,19500.0,0.0,1.0,0.0,0.0,0.0,0.0,1.0,1.0,1.0,1.0,0.0,0.0,1.0,0.0
LP001917,0,7.418780882750794,1,5400.000000000007,1.5530629853321851,27000.0,0.0,0.0,0.0,0.0,0.0,0.0,1.0,0.0,1.0,1.0,0.0,0.0,0.0,0.0
LP001922,1,0.0,0,13450.000000000016,0.6507959549039539,134500.0,0.0,0.0,0.0,0.0,1.0,0.0,0.0,1.0,1.0,1.0,0.0,0.0,0.0,0.0
LP001924,0,8.024207485778577,1,8900.000000000011,1.4329415553051057,44500.0,0.0,0.0,0.0,0.0,1.0,0.0,0.0,1.0,1.0,1.0,0.0,0.0,0.0,0.0
LP001925,0,7.4489161025442,0,8910.000000052714,2.0639332870170755,49500.0,1.0,0.0,0.0,0.0,0.0,1.0,0.0,0.0,1.0,0.0,0.0,0.0,0.0,0.0
LP001926,1,7.601402334583733,1,12000.000000000016,2.103786816269287,60000.0,0.0,0.0,0.0,0.0,1.0,0.0,0.0,1.0,1.0,1.0,0.0,0.0,0.0,0.0
LP001931,0,0.0,1,11500.000000000016,2.788554801163922,115000.0,0.0,0.0,0.0,0.0,0.0,1.0,0.0,0.0,1.0,1.0,0.0,0.0,0.0,0.0
LP001935,0,0.0,1,20570.0,2.1634413125788807,187000.0,0.0,0.0,0.0,0.0,1.0,0.0,0.0,1.0,1.0,1.0,0.0,0.0,0.0,0.0
LP001936,1,7.790282380703483,1,13900.000000000016,2.5314150427973074,69500.0,0.0,0.0,0.0,0.0,1.0,0.0,0.0,1.0,1.0,1.0,0.0,0.0,0.0,0.0
LP001938,1,0.0,0,16510.0,3.752272727272728,42333.333333333336,0.0,0.0,0.0,1.0,0.0,1.0,0.0,1.0,1.0,1.0,0.0,0.0,1.0,0.0
LP001940,1,7.353081920515432,1,13400.000000000016,2.843199660513477,33500.0,0.0,0.0,0.0,0.0,0.0,0.0,1.0,1.0,1.0,1.0,0.0,0.0,1.0,0.0
LP001945,0,0.0,0,20020.000000000004,3.69577256784198,143000.0,0.0,0.0,0.0,1.0,0.0,0.0,1.0,0.0,1.0,1.0,0.0,0.0,0.0,0.0
LP001947,1,8.112227958349724,1,18920.0,3.309428021689697,86000.0,0.0,0.0,0.0,0.0,0.0,1.0,0.0,1.0,1.0,1.0,0.0,0.0,0.0,0.0
LP001949,1,7.1316985104669115,1,11000.000000000013,1.9414048711613157,22000.0,0.0,0.0,0.0,0.0,0.0,0.0,1.0,1.0,1.0,0.0,1.0,0.0,0.0,1.0
LP001953,1,0.0,1,22000.0,3.2,100000.0,0.0,0.0,0.0,0.0,0.0,1.0,0.0,1.0,1.0,1.0,0.0,1.0,0.0,0.0
LP001954,1,0.0,1,13500.000000000016,2.893270467209605,67500.0,0.0,0.0,0.0,0.0,0.0,0.0,1.0,0.0,1.0,1.0,0.0,1.0,0.0,0.0
LP001955,0,7.8407064517494,0,15100.0,2.0023869513327144,75500.0,0.0,0.0,0.0,0.0,1.0,0.0,0.0,0.0,1.0,1.0,0.0,0.0,0.0,0.0
LP001963,1,7.98139158158007,0,11300.000000000016,2.2879125329014,37666.66666666666,0.0,0.0,0.0,0.0,0.0,0.0,1.0,1.0,1.0,1.0,0.0,1.0,0.0,0.0
LP001964,1,7.984462732262196,0,12090.0,2.5538656527249683,46500.0,0.0,0.0,0.0,1.0,0.0,0.0,1.0,1.0,0.0,1.0,0.0,0.0,0.0,0.0
LP001972,1,7.467942332285852,1,10500.000000000013,2.270270270270273,52500.0,0.0,0.0,0.0,0.0,0.0,1.0,0.0,1.0,0.0,1.0,0.0,0.0,0.0,0.0
LP001974,0,0.0,1,13200.000000000018,2.640000000000004,132000.0,0.0,0.0,0.0,0.0,1.0,0.0,0.0,0.0,1.0,1.0,0.0,0.0,0.0,0.0
LP001977,1,7.4977617006225685,1,9600.000000000013,2.800466744457413,32000.0,0.0,0.0,0.0,0.0,0.0,0.0,1.0,1.0,1.0,1.0,0.0,1.0,0.0,0.0
LP001978,0,7.824445930877619,1,14000.000000000016,2.1538461538461564,70000.0,0.0,0.0,0.0,0.0,1.0,0.0,0.0,1.0,1.0,1.0,0.0,0.0,0.0,0.0
LP001990,0,0.0,0,11300.000000000016,5.650000000000008,113000.0,0.0,0.0,0.0,0.0,0.0,0.0,1.0,1.0,0.0,1.0,0.0,0.0,0.0,0.0
LP001993,0,7.418780882750794,1,13500.000000000016,2.4871039056742843,67500.0,0.0,0.0,0.0,0.0,1.0,0.0,0.0,0.0,1.0,1.0,0.0,0.0,0.0,0.0
LP001994,0,7.530479995245536,0,13520.000000000002,3.171475486746423,52000.0,0.0,0.0,0.0,1.0,0.0,0.0,1.0,0.0,1.0,1.0,0.0,0.0,0.0,0.0
LP001996,0,0.0,0,52800.0,2.6095981811891464,480000.0,0.0,0.0,0.0,0.0,1.0,0.0,0.0,1.0,1.0,1.0,0.0,0.0,0.0,0.0
LP001998,1,0.0,1,20350.0,2.654232424677188,61666.66666666666,0.0,0.0,0.0,0.0,1.0,0.0,0.0,1.0,0.0,1.0,0.0,0.0,1.0,0.0
LP002002,0,0.0,1,8400.000000000011,2.879670894754889,84000.0,0.0,0.0,0.0,0.0,0.0,1.0,0.0,0.0,1.0,1.0,0.0,0.0,0.0,0.0
LP002004,0,7.785720896534624,1,11100.000000000016,2.081770442610656,55500.0,0.0,0.0,0.0,0.0,0.0,1.0,0.0,1.0,0.0,1.0,0.0,0.0,0.0,0.0
LP002006,0,0.0,1,5600.000000000007,2.2337455125648216,56000.0,0.0,0.0,0.0,0.0,1.0,0.0,0.0,0.0,1.0,1.0,0.0,0.0,0.0,0.0
LP002008,1,0.0,1,11537.969414326248,2.0080002461410107,48000.0,0.0,1.0,0.0,0.0,1.0,0.0,0.0,1.0,1.0,0.0,0.0,0.0,1.0,0.0
LP002024,1,7.519692404116539,0,17490.0,4.052363299351251,79500.0,0.0,0.0,0.0,0.0,1.0,0.0,0.0,1.0,1.0,1.0,0.0,0.0,0.0,0.0
LP002031,1,7.403061091090091,1,9990.001831453676,1.982536580959253,37000.0,0.0,1.0,0.0,0.0,0.0,0.0,1.0,1.0,0.0,1.0,0.0,1.0,0.0,0.0
LP002035,1,0.0,1,12000.000000000016,3.228410008071029,40000.0,0.0,0.0,0.0,0.0,0.0,1.0,0.0,1.0,1.0,1.0,0.0,0.0,1.0,0.0
LP002036,1,7.666221925662725,1,8800.000000000011,2.0992366412213768,44000.0,0.0,0.0,0.0,0.0,0.0,0.0,1.0,1.0,1.0,1.0,0.0,0.0,0.0,0.0
LP002043,0,0.0,1,11200.000000000016,3.1629483196837094,56000.0,0.0,0.0,0.0,0.0,0.0,1.0,0.0,0.0,1.0,1.0,0.0,1.0,0.0,0.0
LP002050,1,0.0,0,15500.00000000002,1.550000000000002,77500.0,0.0,0.0,0.0,0.0,1.0,0.0,0.0,1.0,1.0,0.0,0.0,1.0,0.0,0.0
LP002051,1,7.681560362559537,1,11500.000000000016,2.518064374863152,57500.0,0.0,0.0,0.0,0.0,0.0,1.0,0.0,1.0,1.0,1.0,0.0,0.0,0.0,0.0
LP002053,1,5.247024072160486,1,12400.000000000016,2.736702714632535,24800.0,0.0,0.0,0.0,0.0,0.0,1.0,0.0,1.0,1.0,1.0,0.0,0.0,0.0,1.0
LP002054,1,7.372118028337787,1,11300.000000000016,2.1768445386245454,28250.0,0.0,0.0,0.0,0.0,1.0,0.0,0.0,1.0,0.0,1.0,0.0,0.0,1.0,0.0
LP002055,0,8.001689978099135,1,13200.000000000018,2.145992521541216,66000.0,0.0,0.0,0.0,0.0,1.0,0.0,0.0,0.0,1.0,1.0,0.0,0.0,0.0,0.0
LP002065,1,0.0,1,33000.0,2.2,75000.0,0.0,0.0,0.0,0.0,1.0,0.0,0.0,1.0,1.0,1.0,0.0,0.0,0.0,1.0
LP002067,1,8.51398806046729,0,48880.0,3.5812147410066677,125333.33333333331,0.0,0.0,0.0,1.0,1.0,0.0,0.0,1.0,1.0,0.0,0.0,1.0,0.0,0.0
LP002068,0,0.0,1,16900.0,3.437055114907464,130000.0,0.0,0.0,0.0,1.0,1.0,0.0,0.0,1.0,1.0,1.0,0.0,0.0,0.0,0.0
LP002082,1,7.6783263565068856,1,18400.000000000025,2.306342441714718,92000.0,0.0,0.0,0.0,0.0,0.0,1.0,0.0,1.0,1.0,0.0,0.0,0.0,0.0,0.0
LP002086,1,7.804659297056102,0,11000.000000000013,1.6214622641509453,55000.0,0.0,0.0,0.0,0.0,0.0,0.0,1.0,0.0,1.0,1.0,0.0,0.0,0.0,0.0
LP002087,0,0.0,1,6700.000000000008,2.6800000000000037,67000.0,0.0,0.0,0.0,0.0,0.0,0.0,1.0,0.0,1.0,1.0,0.0,0.0,0.0,0.0
LP002097,0,7.492203042618741,1,11700.000000000016,1.8941233608547865,39000.0,0.0,0.0,0.0,0.0,0.0,0.0,1.0,1.0,1.0,1.0,0.0,1.0,0.0,0.0
LP002098,0,0.0,1,9800.000000000013,3.339011925042594,98000.0,0.0,0.0,0.0,0.0,0.0,1.0,0.0,1.0,1.0,1.0,0.0,0.0,0.0,0.0
LP002100,0,0.0,1,7100.000000000009,2.5061771973173346,71000.0,0.0,0.0,0.0,0.0,0.0,0.0,1.0,1.0,1.0,1.0,0.0,0.0,0.0,0.0
LP002101,1,0.0,1,49000.00173585229,0.7736394482822408,490000.0,0.0,1.0,0.0,0.0,0.0,0.0,1.0,1.0,1.0,0.0,1.0,0.0,0.0,0.0
LP002103,1,7.51425465281641,1,16380.003002924046,1.4040804905643791,60666.66666666666,0.0,1.0,0.0,0.0,0.0,0.0,1.0,1.0,1.0,0.0,0.0,1.0,0.0,0.0
LP002106,1,8.409830673087738,1,6300.000000000212,0.6304413089162626,35000.0,0.0,0.0,0.0,0.0,0.0,1.0,0.0,1.0,1.0,0.0,0.0,0.0,0.0,0.0
LP002110,1,6.535241271013659,1,17600.0,2.963960929605928,53333.333333333336,0.0,0.0,0.0,0.0,1.0,0.0,0.0,1.0,1.0,0.0,1.0,1.0,0.0,0.0
LP002112,1,8.434028950155469,1,17600.000000000022,2.478873239436622,44000.0,0.0,0.0,0.0,0.0,1.0,0.0,0.0,1.0,1.0,0.0,0.0,0.0,1.0,0.0
LP002113,0,0.0,0,12999.999999999998,7.103825136612021,25000.0,0.0,0.0,0.0,1.0,0.0,0.0,1.0,0.0,0.0,1.0,0.0,0.0,0.0,1.0
LP002114,0,0.0,1,7100.000000000009,1.7067307692307714,71000.0,0.0,0.0,0.0,0.0,0.0,1.0,0.0,0.0,1.0,1.0,0.0,0.0,0.0,0.0
LP002115,1,7.370230641807081,0,19030.0,4.49456778460085,34600.0,0.0,0.0,0.0,0.0,1.0,0.0,0.0,1.0,0.0,1.0,0.0,0.0,0.0,1.0
LP002116,0,0.0,0,4600.0000000000055,1.9343986543313727,46000.0,0.0,0.0,0.0,0.0,1.0,0.0,0.0,0.0,1.0,1.0,0.0,0.0,0.0,0.0
LP002119,1,7.114769448366463,1,17380.0,3.005360539512364,52666.66666666666,0.0,0.0,0.0,0.0,0.0,0.0,1.0,1.0,0.0,1.0,0.0,1.0,0.0,0.0
LP002126,1,0.0,1,7400.000000000009,2.3321777497636336,18500.0,0.0,0.0,0.0,0.0,0.0,1.0,0.0,1.0,0.0,1.0,0.0,0.0,0.0,1.0
LP002128,1,7.754052639035757,1,12500.000000000016,2.5442703032770235,31250.0,0.0,0.0,0.0,0.0,1.0,0.0,0.0,1.0,1.0,0.0,1.0,0.0,1.0,0.0
LP002129,1,7.807510042216193,1,17600.0,3.550534597538834,80000.0,0.0,0.0,0.0,0.0,0.0,1.0,0.0,1.0,1.0,1.0,0.0,0.0,0.0,0.0
LP002130,1,8.080546965824498,0,21280.000000000004,3.15119206278691,76000.0,0.0,0.0,0.0,1.0,1.0,0.0,0.0,1.0,0.0,1.0,0.0,0.0,0.0,0.0
LP002131,1,7.682021510826875,1,12600.000000000016,2.399542944201108,31500.0,0.0,0.0,0.0,0.0,0.0,0.0,1.0,1.0,0.0,1.0,0.0,0.0,1.0,0.0
LP002137,1,8.430327258394575,1,28490.0,2.609930377427629,129500.0,0.0,0.0,0.0,0.0,0.0,1.0,0.0,1.0,1.0,1.0,0.0,0.0,0.0,0.0
LP002138,1,8.740496729931813,1,20570.0,2.31774647887324,93500.0,0.0,0.0,0.0,0.0,1.0,0.0,0.0,1.0,1.0,1.0,0.0,0.0,0.0,0.0
LP002139,1,0.0,1,25080.0,2.76120224595398,228000.0,0.0,0.0,0.0,0.0,0.0,1.0,0.0,1.0,1.0,1.0,0.0,0.0,0.0,0.0
LP002140,0,8.335191583433202,0,33880.0,2.62290005419215,154000.0,0.0,0.0,0.0,0.0,1.0,0.0,0.0,1.0,1.0,1.0,0.0,0.0,0.0,0.0
LP002141,1,7.642044402873258,1,9500.000000000013,2.0004211412929065,19000.0,0.0,0.0,0.0,0.0,1.0,0.0,0.0,1.0,1.0,1.0,0.0,0.0,0.0,1.0
LP002142,1,0.0,0,12599.999999999998,2.2909090909090906,105000.0,0.0,0.0,0.0,1.0,1.0,0.0,0.0,0.0,1.0,0.0,0.0,0.0,0.0,0.0
LP002143,1,6.226536669287466,1,13000.000000000016,4.439890710382519,65000.0,0.0,0.0,0.0,0.0,0.0,1.0,0.0,0.0,1.0,1.0,0.0,0.0,0.0,0.0
LP002144,0,0.0,1,10440.00191395159,2.7380020755183816,116000.0,0.0,1.0,0.0,0.0,0.0,0.0,1.0,0.0,1.0,1.0,0.0,0.0,0.0,0.0
LP002149,1,8.060855752934316,1,18150.0,1.5782608695652174,41250.0,0.0,0.0,0.0,0.0,1.0,0.0,0.0,1.0,1.0,1.0,0.0,0.0,1.0,0.0
LP002151,1,0.0,0,6700.000000000008,1.7290322580645183,33500.0,0.0,0.0,0.0,0.0,0.0,0.0,1.0,1.0,1.0,1.0,0.0,1.0,0.0,0.0
LP002158,1,7.418780882750794,0,12999.999999999998,2.786112301757393,50000.0,0.0,0.0,0.0,1.0,0.0,0.0,1.0,1.0,0.0,1.0,0.0,0.0,0.0,0.0
LP002160,1,8.060855752934316,1,22000.0,2.6397888168946486,40000.0,0.0,0.0,0.0,0.0,0.0,1.0,0.0,1.0,1.0,1.0,0.0,0.0,0.0,1.0
LP002161,0,0.0,0,8100.00000000001,1.7150116451408024,40500.0,0.0,0.0,0.0,0.0,0.0,1.0,0.0,0.0,1.0,1.0,0.0,1.0,0.0,0.0
LP002170,1,8.207401833376355,1,25960.0,2.995269412714896,59000.0,0.0,0.0,0.0,0.0,0.0,1.0,0.0,1.0,1.0,1.0,0.0,0.0,1.0,0.0
LP002175,1,7.755338812846501,1,13000.000000000016,1.8353804884935785,65000.0,0.0,0.0,0.0,0.0,0.0,0.0,1.0,1.0,1.0,1.0,0.0,0.0,0.0,0.0
LP002178,1,8.017637159908478,1,9500.00000000363,1.5712868011914705,47500.0,1.0,0.0,0.0,0.0,0.0,0.0,1.0,1.0,1.0,1.0,0.0,0.0,0.0,0.0
LP002180,0,0.0,1,12690.000000000426,1.8601583113457087,141000.0,0.0,0.0,0.0,0.0,1.0,0.0,0.0,1.0,1.0,0.0,0.0,0.0,0.0,0.0
LP002181,0,0.0,0,13300.000000000016,2.1396396396396424,133000.0,0.0,0.0,0.0,0.0,1.0,0.0,0.0,1.0,0.0,1.0,0.0,0.0,0.0,0.0
LP002187,0,0.0,0,9600.0,3.84,96000.0,0.0,0.0,0.0,0.0,0.0,1.0,0.0,1.0,1.0,1.0,0.0,0.0,0.0,0.0
LP002188,0,0.0,0,16120.000000000002,3.145979703356753,124000.0,0.0,0.0,0.0,1.0,1.0,0.0,0.0,1.0,1.0,1.0,0.0,0.0,0.0,0.0
LP002190,1,0.0,1,19250.0,3.0434782608695654,87500.0,0.0,0.0,0.0,0.0,0.0,1.0,0.0,1.0,1.0,1.0,0.0,1.0,0.0,0.0
LP002191,1,8.569216219483389,0,62700.00000000001,2.5084013442150748,285000.0,0.0,0.0,0.0,0.0,1.0,0.0,0.0,1.0,1.0,1.0,0.0,0.0,0.0,0.0
LP002194,0,0.0,1,4950.000000000166,0.3141062250142881,55000.0,0.0,0.0,0.0,0.0,0.0,1.0,0.0,0.0,1.0,0.0,0.0,0.0,0.0,0.0
LP002197,1,0.0,1,17050.0,3.288331726133076,51666.66666666666,0.0,0.0,0.0,0.0,0.0,1.0,0.0,1.0,1.0,1.0,0.0,0.0,1.0,0.0
LP002201,1,8.971321471503682,1,38000.00000001452,2.209816236334876,95000.0,1.0,0.0,0.0,0.0,1.0,0.0,0.0,1.0,1.0,0.0,0.0,0.0,1.0,0.0
LP002205,0,7.59488438721652,0,13320.00001841875,2.638146171205932,37000.0,0.0,1.0,0.0,1.0,0.0,0.0,1.0,1.0,1.0,1.0,0.0,1.0,0.0,0.0
LP002209,0,7.286191714702382,1,11000.000000000013,2.604783329386695,55000.0,0.0,0.0,0.0,0.0,0.0,0.0,1.0,0.0,1.0,0.0,1.0,0.0,0.0,0.0
LP002211,1,6.828712071641684,1,10800.001979949922,1.881533445984307,60000.0,0.0,1.0,0.0,0.0,0.0,0.0,1.0,1.0,1.0,1.0,0.0,0.0,0.0,0.0
LP002219,1,8.516593011344206,1,13000.000000000016,0.9457296668121647,26000.0,0.0,0.0,0.0,0.0,1.0,0.0,0.0,1.0,1.0,1.0,0.0,0.0,0.0,1.0
LP002223,1,0.0,1,13000.000000000016,3.016241299303948,130000.0,0.0,0.0,0.0,0.0,0.0,1.0,0.0,1.0,1.0,1.0,0.0,0.0,0.0,0.0
LP002224,0,0.0,0,7100.0,2.313457152166829,71000.0,0.0,0.0,0.0,0.0,0.0,0.0,1.0,1.0,1.0,1.0,0.0,0.0,0.0,0.0
LP002225,1,0.0,1,13000.000000000016,2.4114264514932326,43333.333333333336,0.0,0.0,0.0,0.0,0.0,0.0,1.0,1.0,1.0,1.0,0.0,0.0,1.0,0.0
LP002226,1,7.824445930877619,1,12800.000000000016,2.1944111092062437,64000.0,0.0,0.0,0.0,0.0,0.0,1.0,0.0,1.0,1.0,0.0,1.0,0.0,0.0,0.0
LP002229,0,8.350666240520924,1,32560.000000000004,3.2006291162882143,148000.0,0.0,0.0,0.0,0.0,0.0,1.0,0.0,1.0,1.0,1.0,0.0,0.0,0.0,0.0
LP002231,0,0.0,1,17160.0,2.86,156000.0,0.0,0.0,0.0,0.0,0.0,0.0,1.0,0.0,1.0,1.0,0.0,0.0,0.0,0.0
LP002234,0,0.0,1,11520.000000000387,1.6073670992047422,128000.0,0.0,0.0,0.0,0.0,0.0,0.0,1.0,1.0,1.0,0.0,0.0,0.0,0.0,0.0
LP002236,1,0.0,0,10000.000000000013,2.190100744634256,33333.333333333336,0.0,0.0,0.0,0.0,0.0,0.0,1.0,1.0,1.0,1.0,0.0,0.0,1.0,0.0
LP002237,0,0.0,1,10170.001864452845,2.7733847462374808,56500.0,0.0,1.0,0.0,0.0,0.0,0.0,1.0,1.0,1.0,0.0,1.0,1.0,0.0,0.0
LP002239,0,7.3783837129967145,1,13200.000000000018,3.345159655347192,66000.0,0.0,0.0,0.0,0.0,0.0,1.0,0.0,1.0,0.0,1.0,0.0,0.0,0.0,0.0
LP002243,1,8.051022208190679,0,14690.0,2.3901724698991216,56500.0,0.0,0.0,0.0,1.0,0.0,0.0,1.0,1.0,0.0,1.0,0.0,0.0,0.0,0.0
LP002244,1,7.790696031174738,1,13600.000000000018,2.863157894736846,68000.0,0.0,0.0,0.0,0.0,0.0,0.0,1.0,1.0,1.0,1.0,0.0,0.0,0.0,0.0
LP002250,1,0.0,1,12500.000000000016,2.2776967930029186,125000.0,0.0,0.0,0.0,0.0,1.0,0.0,0.0,1.0,1.0,1.0,0.0,0.0,0.0,0.0
LP002255,0,0.0,1,20350.0,2.2199192756627038,46250.0,0.0,0.0,0.0,0.0,1.0,0.0,0.0,1.0,1.0,1.0,0.0,0.0,0.0,1.0
LP002262,1,0.0,1,30250.0,3.1828703703703702,68750.0,0.0,0.0,0.0,0.0,1.0,0.0,0.0,1.0,1.0,1.0,0.0,0.0,0.0,1.0
LP002263,1,7.65728279297819,1,12000.000000000016,2.554278416347385,60000.0,0.0,0.0,0.0,0.0,0.0,0.0,1.0,1.0,1.0,1.0,0.0,0.0,0.0,0.0
LP002265,1,7.3938782901077555,1,10170.001864452845,2.8109457889587737,28250.0,0.0,1.0,0.0,0.0,0.0,1.0,0.0,1.0,0.0,1.0,0.0,0.0,1.0,0.0
LP002266,1,7.244941546337007,1,11300.000000000016,2.511111111111114,28250.0,0.0,0.0,0.0,0.0,0.0,0.0,1.0,1.0,1.0,1.0,0.0,0.0,1.0,0.0
LP002272,1,6.184148890937483,1,13500.000000000016,3.590425531914898,33750.0,0.0,0.0,0.0,0.0,0.0,1.0,0.0,1.0,1.0,1.0,0.0,0.0,1.0,0.0
LP002277,0,0.0,0,9230.0,2.90251572327044,71000.0,0.0,0.0,0.0,1.0,0.0,0.0,1.0,0.0,1.0,1.0,0.0,0.0,0.0,0.0
LP002281,1,7.286191714702382,1,9500.000000000013,2.1148708815672337,47500.0,0.0,0.0,0.0,0.0,0.0,0.0,1.0,1.0,1.0,1.0,0.0,0.0,0.0,0.0
LP002284,0,7.418780882750794,1,10900.000000000016,1.9576149425287384,54500.0,0.0,0.0,0.0,0.0,1.0,0.0,0.0,1.0,0.0,1.0,0.0,0.0,0.0,0.0
LP002287,0,7.496097345175956,0,13390.000000000002,4.057575757575759,51500.0,0.0,0.0,0.0,1.0,0.0,1.0,0.0,0.0,1.0,1.0,0.0,0.0,0.0,0.0
LP002288,1,0.0,0,5400.000007467061,1.8691588810893247,15000.0,0.0,1.0,0.0,1.0,0.0,0.0,1.0,1.0,0.0,1.0,0.0,0.0,1.0,0.0
LP002296,0,0.0,0,6500.000000002484,2.359346642469141,65000.0,1.0,0.0,0.0,0.0,1.0,0.0,0.0,1.0,0.0,1.0,0.0,0.0,0.0,0.0
LP002297,0,9.90353755128617,1,10300.000000000013,0.4577777777777783,51500.0,0.0,0.0,0.0,0.0,0.0,1.0,0.0,1.0,1.0,1.0,0.0,0.0,0.0,0.0
LP002300,0,0.0,1,5300.000000000007,2.699949057564955,53000.0,0.0,0.0,0.0,0.0,0.0,1.0,0.0,0.0,0.0,1.0,0.0,0.0,0.0,0.0
LP002301,0,0.0,0,19400.000000000025,2.607176454777587,194000.0,0.0,0.0,0.0,0.0,1.0,0.0,0.0,0.0,1.0,0.0,0.0,0.0,0.0,0.0
LP002305,0,0.0,1,11500.000000000016,2.529140092368598,115000.0,0.0,0.0,0.0,0.0,0.0,1.0,0.0,0.0,1.0,1.0,0.0,0.0,0.0,0.0
LP002308,1,7.783640596221253,1,11500.000000000016,2.518064374863152,57500.0,0.0,0.0,0.0,0.0,0.0,0.0,1.0,1.0,0.0,1.0,0.0,0.0,0.0,0.0
LP002314,0,0.0,1,6600.000000000009,2.982376863985544,66000.0,0.0,0.0,0.0,0.0,1.0,0.0,0.0,0.0,0.0,1.0,0.0,0.0,0.0,0.0
LP002315,1,0.0,0,21280.000000000004,2.5638554216867475,76000.0,1.0,0.0,0.0,1.0,0.0,1.0,0.0,1.0,1.0,1.0,0.0,1.0,0.0,0.0
LP002317,1,0.0,0,50400.00000000001,0.6222222222222223,90000.0,0.0,0.0,0.0,1.0,1.0,0.0,0.0,1.0,1.0,1.0,0.0,0.0,0.0,1.0
LP002318,0,0.0,0,5580.000000000187,1.4429790535299163,31000.0,0.0,0.0,0.0,0.0,0.0,1.0,0.0,0.0,0.0,0.0,0.0,1.0,0.0,0.0
LP002319,1,0.0,1,17600.0,2.813299232736573,160000.0,0.0,0.0,0.0,0.0,0.0,0.0,1.0,1.0,1.0,0.0,1.0,0.0,0.0,0.0
LP002328,1,0.0,0,30520.000000000004,5.0065616797900265,218000.0,0.0,0.0,0.0,1.0,1.0,0.0,0.0,1.0,0.0,1.0,0.0,0.0,0.0,0.0
LP002332,1,7.617759576608505,1,11000.000000000013,2.5664955669622054,55000.0,0.0,0.0,0.0,0.0,1.0,0.0,0.0,1.0,0.0,1.0,0.0,0.0,0.0,0.0
LP002335,1,8.08271113423758,0,24920.000000000004,4.626810248793168,89000.0,0.0,0.0,0.0,1.0,0.0,1.0,0.0,0.0,0.0,1.0,0.0,0.0,0.0,0.0
LP002337,0,0.0,1,6000.000000000007,2.0033388981636087,60000.0,0.0,0.0,0.0,0.0,0.0,0.0,1.0,0.0,1.0,1.0,0.0,0.0,0.0,0.0
LP002341,0,0.0,0,17600.0,6.769230769230769,80000.0,0.0,0.0,0.0,0.0,0.0,0.0,1.0,0.0,1.0,1.0,0.0,1.0,0.0,0.0
LP002342,1,9.90353755128617,0,23900.00000000003,1.1064814814814827,59750.0,0.0,0.0,0.0,0.0,0.0,0.0,1.0,1.0,1.0,0.0,0.0,0.0,1.0,0.0
LP002345,1,7.928045600874777,1,11200.000000000016,2.948920484465512,56000.0,0.0,0.0,0.0,0.0,1.0,0.0,0.0,1.0,1.0,1.0,0.0,0.0,0.0,0.0
LP002347,1,7.257002707092073,1,13800.000000000018,2.959468153549221,69000.0,0.0,0.0,0.0,0.0,0.0,1.0,0.0,1.0,1.0,1.0,0.0,0.0,0.0,0.0
LP002348,1,0.0,1,13800.000000000018,2.3674729799279497,138000.0,0.0,0.0,0.0,0.0,1.0,0.0,0.0,1.0,1.0,1.0,0.0,0.0,0.0,0.0
LP002357,0,0.0,0,10400.0,3.823529411764706,80000.0,0.0,0.0,0.0,1.0,0.0,0.0,1.0,0.0,0.0,1.0,0.0,0.0,0.0,0.0
LP002361,1,7.450079569807499,1,10000.000000000013,2.825656965244423,50000.0,0.0,0.0,0.0,0.0,0.0,0.0,1.0,1.0,1.0,1.0,0.0,0.0,0.0,0.0
LP002362,1,7.419380582918692,0,14300.0,1.6036783671638444,36666.66666666666,0.0,0.0,0.0,1.0,0.0,0.0,1.0,1.0,1.0,1.0,0.0,1.0,0.0,0.0
LP002364,1,0.0,1,9600.000000000013,0.6451612903225815,96000.0,0.0,0.0,0.0,0.0,0.0,1.0,0.0,1.0,1.0,1.0,0.0,0.0,0.0,0.0
LP002366,1,8.366602832783736,1,12100.000000000016,1.737008326155615,60500.0,0.0,0.0,0.0,0.0,1.0,0.0,0.0,1.0,1.0,1.0,0.0,0.0,0.0,0.0
LP002367,0,0.0,0,8100.00000000001,1.7585757707338276,40500.0,0.0,0.0,0.0,0.0,1.0,0.0,0.0,0.0,0.0,1.0,0.0,1.0,0.0,0.0
LP002368,1,0.0,1,13300.000000000016,2.240943555181132,44333.333333333336,0.0,0.0,0.0,0.0,0.0,1.0,0.0,1.0,1.0,1.0,0.0,0.0,1.0,0.0
LP002369,1,2.8402474197790153,1,8700.000000000011,2.963094150617485,43500.0,0.0,0.0,0.0,0.0,1.0,0.0,0.0,1.0,1.0,1.0,0.0,0.0,0.0,0.0
LP002370,0,0.0,1,5400.000989974961,1.987486562375768,60000.0,0.0,1.0,0.0,0.0,0.0,0.0,1.0,1.0,0.0,1.0,0.0,0.0,0.0,0.0
LP002377,0,0.0,1,15000.00000000002,1.739332096474956,75000.0,0.0,0.0,0.0,0.0,0.0,1.0,0.0,0.0,1.0,0.0,0.0,1.0,0.0,0.0
LP002379,0,0.0,0,13650.0,2.1,105000.0,0.0,0.0,0.0,1.0,1.0,0.0,0.0,1.0,1.0,1.0,0.0,0.0,0.0,0.0
LP002386,0,0.0,1,44550.0,3.4599254426840638,405000.0,0.0,0.0,0.0,0.0,0.0,1.0,0.0,1.0,1.0,0.0,1.0,0.0,0.0,0.0
LP002387,1,7.75833346749091,1,14300.000000000018,3.0010493179433406,71500.0,0.0,0.0,0.0,0.0,0.0,1.0,0.0,1.0,1.0,1.0,0.0,0.0,0.0,0.0
LP002390,0,0.0,1,10000.000000000013,2.66666666666667,100000.0,0.0,0.0,0.0,0.0,0.0,0.0,1.0,1.0,1.0,1.0,0.0,0.0,0.0,0.0
LP002393,1,0.0,1,11250.000001308905,1.1197372351257993,112500.0,1.0,0.0,0.0,0.0,0.0,1.0,0.0,0.0,1.0,1.0,0.0,0.0,0.0,0.0
LP002398,0,7.524021415206125,1,5000.000000000006,1.3238019592269012,25000.0,0.0,0.0,0.0,0.0,0.0,1.0,0.0,1.0,1.0,1.0,0.0,0.0,0.0,0.0
LP002401,1,7.026426808699636,1,13450.000000000016,4.029358897543444,67250.0,0.0,0.0,0.0,0.0,0.0,0.0,1.0,1.0,1.0,1.0,0.0,0.0,0.0,0.0
LP002403,0,0.0,0,24310.0,2.333909370199693,187000.0,0.0,0.0,0.0,1.0,0.0,0.0,1.0,1.0,1.0,0.0,0.0,0.0,0.0,0.0
LP002407,1,0.0,1,12420.000000000418,1.7390086810417835,138000.0,0.0,0.0,0.0,0.0,1.0,0.0,0.0,0.0,0.0,0.0,0.0,0.0,0.0,0.0
LP002408,0,8.530109416682784,1,20570.0,2.3578633654287025,93500.0,0.0,0.0,0.0,0.0,0.0,1.0,0.0,1.0,1.0,1.0,0.0,0.0,0.0,0.0
LP002409,1,7.51425465281641,1,19800.0,2.034107252927882,90000.0,0.0,0.0,0.0,0.0,1.0,0.0,0.0,1.0,1.0,1.0,0.0,0.0,0.0,0.0
LP002418,0,7.597897950521784,1,16280.000000000002,2.429850746268657,29600.0,0.0,0.0,0.0,0.0,0.0,1.0,0.0,1.0,0.0,1.0,0.0,0.0,0.0,1.0
LP002422,0,0.0,1,16720.0,0.4432779235928842,76000.0,0.0,0.0,0.0,0.0,0.0,1.0,0.0,1.0,1.0,1.0,0.0,1.0,0.0,0.0
LP002424,1,9.0280988119824,1,19250.000000000487,1.2287756925826945,87500.0,1.0,0.0,0.0,0.0,1.0,0.0,0.0,1.0,1.0,1.0,0.0,0.0,0.0,0.0
LP002429,1,7.099201743553092,1,11700.000000000397,2.502138579982976,43333.333333333336,0.0,0.0,0.0,0.0,1.0,0.0,0.0,1.0,1.0,0.0,0.0,1.0,0.0,0.0
LP002434,1,0.0,1,11000.000000000013,2.3645743766122127,36666.66666666666,0.0,0.0,0.0,0.0,1.0,0.0,0.0,1.0,0.0,1.0,0.0,0.0,1.0,0.0
LP002435,1,7.227662498728654,0,5500.000000000006,1.1190233977619546,27500.0,0.0,0.0,0.0,0.0,1.0,0.0,0.0,1.0,1.0,0.0,1.0,0.0,0.0,0.0
LP002443,1,7.444833273892193,0,19500.0,3.861386138613861,37500.0,0.0,0.0,0.0,1.0,1.0,0.0,0.0,1.0,1.0,1.0,0.0,0.0,1.0,0.0
LP002444,0,7.341483852363161,0,24700.0,5.72952911157504,63333.333333333336,0.0,0.0,0.0,1.0,0.0,1.0,0.0,1.0,0.0,0.0,0.0,1.0,0.0,0.0
LP002446,1,7.135687347028144,0,16250.000000000002,4.559483726150393,31250.0,0.0,0.0,0.0,1.0,1.0,0.0,0.0,1.0,0.0,1.0,0.0,0.0,1.0,0.0
LP002447,1,7.284134806195205,1,6000.000000002293,1.7574692442888966,15000.0,1.0,0.0,0.0,0.0,0.0,0.0,1.0,1.0,0.0,1.0,0.0,0.0,1.0,0.0
LP002448,1,7.458186157340487,0,19370.0,3.4096109839816933,74500.0,0.0,0.0,0.0,1.0,1.0,0.0,0.0,1.0,1.0,1.0,0.0,0.0,0.0,0.0
LP002449,1,7.810758116529357,1,10800.00001493412,2.1822590452483577,45000.0,0.0,1.0,0.0,1.0,1.0,0.0,0.0,1.0,1.0,1.0,0.0,0.0,0.0,0.0
LP002453,0,0.0,1,7560.000000000254,1.0670430486944606,84000.0,0.0,0.0,0.0,0.0,0.0,1.0,0.0,1.0,1.0,0.0,0.0,0.0,0.0,0.0
LP002455,1,0.0,1,9600.000000000013,2.487691111686969,32000.0,0.0,0.0,0.0,0.0,0.0,1.0,0.0,1.0,1.0,1.0,0.0,0.0,1.0,0.0
LP002459,1,0.0,1,11800.000000000016,2.743548012090216,118000.0,0.0,0.0,0.0,0.0,0.0,0.0,1.0,1.0,1.0,1.0,0.0,0.0,0.0,0.0
LP002467,1,7.851661177889265,0,19030.0,3.031703042854867,86500.0,0.0,0.0,0.0,0.0,0.0,0.0,1.0,1.0,1.0,1.0,0.0,0.0,0.0,0.0
LP002472,0,0.0,1,13600.000000000018,3.1235645383555397,45333.333333333336,0.0,0.0,0.0,0.0,1.0,0.0,0.0,1.0,1.0,1.0,0.0,0.0,1.0,0.0
LP002473,1,0.0,0,17600.0,2.1118310535157185,160000.0,0.0,0.0,0.0,0.0,0.0,1.0,0.0,1.0,1.0,1.0,0.0,0.0,0.0,0.0
LP002478,1,8.314832179284556,1,16000.00000000002,2.5948751216347747,80000.0,0.0,0.0,0.0,0.0,0.0,1.0,0.0,1.0,1.0,0.0,0.0,0.0,0.0,0.0
LP002484,1,0.0,1,11520.002111946584,1.4883723658845716,32000.0,0.0,1.0,0.0,0.0,0.0,0.0,1.0,1.0,1.0,1.0,0.0,0.0,0.0,1.0
LP002487,1,7.691200097522863,1,16830.0,3.2346723044397465,76500.0,0.0,0.0,0.0,0.0,1.0,0.0,0.0,1.0,1.0,1.0,0.0,0.0,0.0,0.0
LP002489,0,0.0,1,13200.000000000018,2.5428626468888496,66000.0,0.0,0.0,0.0,0.0,0.0,1.0,0.0,0.0,0.0,0.0,1.0,1.0,0.0,0.0
LP002493,0,0.0,0,12739.999999999998,3.0580892942870856,98000.0,0.0,0.0,0.0,1.0,0.0,1.0,0.0,1.0,1.0,1.0,0.0,0.0,0.0,0.0
LP002494,0,0.0,1,14000.000000000016,2.333333333333336,140000.0,0.0,0.0,0.0,0.0,1.0,0.0,0.0,1.0,1.0,1.0,0.0,0.0,0.0,0.0
LP002500,1,7.417580402414544,0,8400.000011615428,1.8217306466309755,14000.0,0.0,1.0,0.0,1.0,0.0,0.0,1.0,1.0,0.0,1.0,0.0,0.0,0.0,1.0
LP002501,1,0.0,1,11000.000000000013,0.6589983225497252,110000.0,0.0,0.0,0.0,0.0,0.0,1.0,0.0,1.0,1.0,1.0,0.0,0.0,0.0,0.0
LP002502,1,7.978653729082731,1,9800.000000000013,3.133994243684046,24500.0,0.0,0.0,0.0,0.0,0.0,1.0,0.0,0.0,0.0,0.0,1.0,0.0,1.0,0.0
LP002505,1,7.804659297056102,0,11000.000000000013,1.6214622641509453,55000.0,0.0,0.0,0.0,0.0,0.0,0.0,1.0,1.0,1.0,1.0,0.0,0.0,0.0,0.0
LP002515,1,7.640123172695364,1,16200.00000000002,2.9300054259359776,54000.0,0.0,0.0,0.0,0.0,0.0,1.0,0.0,1.0,1.0,0.0,0.0,1.0,0.0,0.0
LP002517,1,7.313886831633462,0,13560.00001875062,3.265109563869641,37666.66666666666,0.0,1.0,0.0,1.0,1.0,0.0,0.0,1.0,0.0,1.0,0.0,1.0,0.0,0.0
LP002519,1,0.0,1,10000.000000000013,2.131741632914093,25000.0,0.0,0.0,0.0,0.0,0.0,1.0,0.0,1.0,1.0,1.0,0.0,0.0,0.0,1.0
LP002522,0,0.0,1,8370.000000000282,3.3480000000001127,93000.0,0.0,0.0,0.0,0.0,0.0,0.0,1.0,0.0,1.0,0.0,0.0,0.0,0.0,0.0
LP002524,0,8.444407421690585,1,17820.0,1.75049115913556,40500.0,0.0,0.0,0.0,0.0,1.0,0.0,0.0,1.0,1.0,1.0,0.0,0.0,1.0,0.0
LP002527,1,6.922643891475888,1,13500.000000000457,0.7697132105593508,37500.0,0.0,0.0,0.0,0.0,1.0,0.0,0.0,1.0,1.0,0.0,0.0,0.0,1.0,0.0
LP002529,1,7.467942332285852,1,25300.00000000064,2.994082840236762,57500.0,1.0,0.0,0.0,0.0,0.0,1.0,0.0,1.0,1.0,1.0,0.0,0.0,1.0,0.0
LP002530,1,7.5352967024440884,0,17160.0,3.616438356164384,33000.0,0.0,0.0,0.0,1.0,0.0,1.0,0.0,1.0,1.0,1.0,0.0,0.0,1.0,0.0
LP002531,1,7.719129840906732,1,7740.00000000026,0.409155785801145,28666.666666666668,0.0,0.0,0.0,0.0,0.0,1.0,0.0,1.0,1.0,0.0,0.0,1.0,0.0,0.0
LP002533,1,7.38025578842646,0,13450.000000000016,2.95604395604396,33625.0,0.0,0.0,0.0,0.0,0.0,0.0,1.0,1.0,1.0,1.0,0.0,0.0,1.0,0.0
LP002534,0,0.0,1,16940.0,3.8942528735632185,154000.0,0.0,0.0,0.0,0.0,1.0,0.0,0.0,0.0,0.0,1.0,0.0,0.0,0.0,0.0
LP002536,1,0.0,1,11300.000000000016,3.651050080775449,28250.0,0.0,0.0,0.0,0.0,1.0,0.0,0.0,1.0,0.0,1.0,0.0,0.0,0.0,1.0
LP002537,1,8.055475141757274,1,12800.000000000016,2.446015669787888,64000.0,0.0,0.0,0.0,0.0,0.0,1.0,0.0,1.0,1.0,1.0,0.0,0.0,0.0,0.0
LP002541,1,0.0,1,25740.0,2.3760731099418444,234000.0,0.0,0.0,0.0,0.0,0.0,1.0,0.0,1.0,1.0,1.0,0.0,0.0,0.0,0.0
LP002543,1,0.0,1,27060.0,3.247329893195728,82000.0,0.0,0.0,0.0,0.0,0.0,1.0,0.0,1.0,1.0,1.0,0.0,0.0,1.0,0.0
LP002544,1,7.798523053625206,1,13100.000000000016,2.9813381884387837,43666.66666666666,0.0,0.0,0.0,0.0,1.0,0.0,0.0,1.0,0.0,1.0,0.0,1.0,0.0,0.0
LP002545,0,0.0,0,10400.0,2.932055257964477,26666.666666666668,0.0,0.0,0.0,1.0,1.0,0.0,0.0,1.0,1.0,1.0,0.0,0.0,1.0,0.0
LP002547,1,0.0,0,55000.0,3.000054546446299,250000.0,0.0,0.0,0.0,0.0,0.0,0.0,1.0,1.0,1.0,1.0,0.0,1.0,0.0,0.0
LP002555,1,7.642044402873258,1,16000.00000000002,2.4002400240024038,40000.0,0.0,0.0,0.0,0.0,0.0,1.0,0.0,1.0,1.0,0.0,0.0,0.0,1.0,0.0
LP002556,0,0.0,0,7500.00000000001,3.080082135523618,75000.0,0.0,0.0,0.0,0.0,0.0,0.0,1.0,1.0,1.0,1.0,0.0,0.0,0.0,0.0
LP002560,0,7.932362154339751,1,9600.000000000013,1.7505470459518622,48000.0,0.0,0.0,0.0,0.0,0.0,1.0,0.0,1.0,0.0,1.0,0.0,0.0,0.0,0.0
LP002562,1,7.0317412587631285,1,20460.0,3.165222772277228,62000.0,0.0,0.0,0.0,0.0,0.0,0.0,1.0,1.0,0.0,1.0,0.0,1.0,0.0,0.0
LP002571,0,0.0,1,11000.000000000013,2.980222162015717,110000.0,0.0,0.0,0.0,0.0,1.0,0.0,0.0,1.0,0.0,1.0,0.0,0.0,0.0,0.0
LP002582,0,0.0,1,22500.00000000003,1.3033655795632293,225000.0,0.0,0.0,0.0,0.0,0.0,1.0,0.0,0.0,0.0,0.0,0.0,0.0,0.0,0.0
LP002585,1,7.67693714581808,0,15470.0,2.6885644768856447,59500.0,0.0,0.0,0.0,1.0,1.0,0.0,0.0,1.0,1.0,1.0,0.0,0.0,0.0,0.0
LP002586,1,6.81783057145415,1,9456.790753289297,2.230901333637484,35000.0,0.0,1.0,0.0,0.0,0.0,1.0,0.0,0.0,1.0,1.0,0.0,1.0,0.0,0.0
LP002587,1,7.438971592395862,1,10700.000000000013,2.488372093023259,53500.0,0.0,0.0,0.0,0.0,1.0,0.0,0.0,1.0,0.0,1.0,0.0,0.0,0.0,0.0
LP002588,1,7.957877358489813,1,14729.146878616117,1.968610916682186,55500.0,0.0,0.0,1.0,0.0,0.0,0.0,1.0,1.0,1.0,1.0,0.0,0.0,0.0,0.0
LP002600,1,0.0,1,8550.000000000287,2.953367875647768,47500.0,0.0,0.0,0.0,0.0,0.0,1.0,0.0,1.0,1.0,0.0,0.0,1.0,0.0,0.0
LP002602,0,8.393216011596527,0,29260.000000000004,2.734835031311338,104500.0,0.0,0.0,0.0,1.0,1.0,0.0,0.0,1.0,1.0,1.0,0.0,0.0,0.0,0.0
LP002603,0,8.211754397375197,1,11300.0,2.61090573012939,56500.0,0.0,0.0,0.0,0.0,1.0,0.0,0.0,0.0,1.0,1.0,0.0,0.0,0.0,0.0
LP002606,0,0.0,1,10000.000000000013,3.1655587211142806,100000.0,0.0,0.0,0.0,0.0,0.0,1.0,0.0,0.0,1.0,1.0,0.0,0.0,0.0,0.0
LP002615,1,8.63497622707262,1,22880.0,2.1813328248641435,52000.0,0.0,0.0,0.0,0.0,0.0,1.0,0.0,1.0,1.0,1.0,0.0,0.0,1.0,0.0
LP002618,1,8.57602797713713,0,17940.0,1.9183062446535504,46000.0,0.0,0.0,0.0,1.0,1.0,0.0,0.0,1.0,0.0,1.0,0.0,1.0,0.0,0.0
LP002619,1,7.302496423727326,1,12400.000000004737,2.340947706249714,62000.0,1.0,0.0,0.0,0.0,0.0,1.0,0.0,1.0,0.0,1.0,0.0,0.0,0.0,0.0
LP002622,1,8.393216011596527,1,26730.0,3.372445117335352,60750.0,0.0,0.0,0.0,0.0,1.0,0.0,0.0,1.0,1.0,1.0,0.0,0.0,1.0,0.0
LP002624,1,8.805075243870684,1,52800.0,1.92,240000.0,0.0,0.0,0.0,0.0,0.0,0.0,1.0,1.0,1.0,1.0,0.0,0.0,0.0,0.0
LP002625,0,0.0,0,9600.000000000013,2.679319006419205,96000.0,0.0,0.0,0.0,0.0,0.0,0.0,1.0,1.0,1.0,1.0,0.0,0.0,0.0,0.0
LP002626,1,8.01102337918644,1,18800.000000000025,3.423160961398401,94000.0,0.0,0.0,0.0,0.0,0.0,0.0,1.0,1.0,1.0,0.0,0.0,0.0,0.0,0.0
LP002634,0,0.0,1,4000.000000000005,0.3016136329362091,20000.0,0.0,0.0,0.0,0.0,0.0,0.0,1.0,0.0,1.0,1.0,0.0,1.0,0.0,0.0
LP002637,0,7.160845906664299,0,10000.000000000013,2.0470829068577303,50000.0,0.0,0.0,0.0,0.0,1.0,0.0,0.0,1.0,0.0,1.0,0.0,0.0,0.0,0.0
LP002640,1,7.60339933974067,1,27500.0,3.4081050935679764,83333.33333333333,0.0,0.0,0.0,0.0,0.0,1.0,0.0,1.0,1.0,1.0,0.0,1.0,0.0,0.0
LP002643,1,7.618742377670413,1,16280.000000000002,3.061301241068071,37000.0,0.0,0.0,0.0,0.0,0.0,0.0,1.0,1.0,1.0,1.0,0.0,0.0,1.0,0.0
LP002648,1,8.80492526261806,0,6300.001154970787,0.7162347834209626,35000.0,0.0,1.0,0.0,0.0,0.0,1.0,0.0,1.0,1.0,1.0,0.0,0.0,0.0,0.0
LP002652,0,8.207129168071326,0,34210.0,3.6082691699187848,155500.0,0.0,0.0,0.0,0.0,1.0,0.0,0.0,1.0,1.0,1.0,0.0,0.0,0.0,0.0
LP002659,1,8.14002395246292,1,15000.00000000002,2.175805047867714,30000.0,0.0,0.0,0.0,0.0,1.0,0.0,0.0,1.0,1.0,1.0,0.0,0.0,0.0,1.0
LP002670,1,7.398174092970465,1,11300.0,3.0849030849030847,28250.0,0.0,0.0,0.0,0.0,0.0,1.0,0.0,0.0,1.0,1.0,0.0,0.0,1.0,0.0
LP002682,1,7.496097345175956,0,15989.999999999998,3.2806729585556007,61500.0,0.0,0.0,0.0,1.0,0.0,1.0,0.0,1.0,0.0,1.0,0.0,0.0,0.0,0.0
LP002683,0,7.557994958530806,0,20350.0,3.084267959987875,92500.0,0.0,0.0,0.0,0.0,0.0,1.0,0.0,1.0,1.0,1.0,0.0,0.0,0.0,0.0
LP002684,0,0.0,0,9500.000000000013,2.794117647058828,95000.0,0.0,0.0,0.0,0.0,1.0,0.0,0.0,0.0,0.0,1.0,0.0,0.0,0.0,0.0
LP002689,1,7.463363045520021,1,4500.0000000000055,1.1438739196746328,11250.0,0.0,0.0,0.0,0.0,0.0,1.0,0.0,1.0,0.0,1.0,0.0,0.0,1.0,0.0
LP002690,0,0.0,1,5500.000000000006,2.2000000000000024,55000.0,0.0,0.0,0.0,0.0,0.0,1.0,0.0,1.0,1.0,1.0,0.0,0.0,0.0,0.0
LP002692,1,7.261927092702751,1,9000.000000000302,1.2674271229404734,20000.0,0.0,0.0,0.0,0.0,1.0,0.0,0.0,1.0,1.0,0.0,0.0,0.0,0.0,1.0
LP002693,1,8.877242435993919,1,48000.00000000006,3.1758634378721755,120000.0,0.0,0.0,0.0,0.0,1.0,0.0,0.0,1.0,1.0,0.0,0.0,0.0,1.0,0.0
LP002697,0,7.643961949002529,0,13450.000000000016,1.9875868183833332,67250.0,0.0,0.0,0.0,0.0,0.0,1.0,0.0,1.0,1.0,1.0,0.0,0.0,0.0,0.0
LP002699,1,0.0,1,40000.00000000005,2.2857142857142887,133333.33333333334,0.0,0.0,0.0,0.0,1.0,0.0,0.0,1.0,1.0,0.0,0.0,0.0,1.0,0.0
LP002705,1,0.0,1,11000.000000000013,2.9139072847682157,110000.0,0.0,0.0,0.0,0.0,0.0,1.0,0.0,1.0,1.0,1.0,0.0,0.0,0.0,0.0
LP002706,1,7.266128779556451,1,22540.000000000004,3.356664184661206,53666.66666666666,0.0,0.0,0.0,1.0,0.0,1.0,0.0,1.0,0.0,1.0,0.0,1.0,0.0,0.0
LP002714,0,7.172424577124845,1,9400.000000000013,2.361215774930925,31333.33333333333,0.0,0.0,0.0,0.0,0.0,1.0,0.0,1.0,0.0,1.0,0.0,1.0,0.0,0.0
LP002716,0,0.0,1,13000.000000000016,1.916556096122662,130000.0,0.0,0.0,0.0,0.0,0.0,1.0,0.0,1.0,0.0,1.0,0.0,0.0,0.0,0.0
LP002717,1,8.612685172875459,1,23760.0,3.641379310344828,108000.0,0.0,0.0,0.0,0.0,1.0,0.0,0.0,1.0,1.0,1.0,0.0,0.0,0.0,0.0
LP002720,1,0.0,1,10000.000000000013,2.335902826442423,25000.0,0.0,0.0,0.0,0.0,0.0,0.0,1.0,1.0,1.0,1.0,0.0,0.0,0.0,1.0
LP002723,0,0.0,0,14300.0,3.985507246376812,36666.66666666666,0.0,0.0,0.0,1.0,1.0,0.0,0.0,1.0,1.0,1.0,0.0,0.0,1.0,0.0
LP002729,0,0.0,0,27440.000000000004,2.4391111111111115,98000.0,0.0,0.0,0.0,1.0,0.0,1.0,0.0,1.0,1.0,1.0,0.0,1.0,0.0,0.0
LP002731,0,0.0,1,11250.000000000377,0.6193228736581545,125000.0,0.0,0.0,0.0,0.0,0.0,0.0,1.0,0.0,0.0,0.0,0.0,0.0,0.0,0.0
LP002732,0,7.622174594817622,1,12600.000000000016,2.7439024390243936,63000.0,0.0,0.0,0.0,0.0,1.0,0.0,0.0,1.0,0.0,0.0,1.0,0.0,0.0,0.0
LP002734,1,8.27052509505507,1,35640.0,3.550154397848391,162000.0,0.0,0.0,0.0,0.0,0.0,0.0,1.0,1.0,1.0,1.0,0.0,0.0,0.0,0.0
LP002738,0,0.0,1,10700.000000000013,2.958252695604095,35666.666666666664,0.0,0.0,0.0,0.0,0.0,1.0,0.0,1.0,1.0,1.0,0.0,0.0,1.0,0.0
LP002739,1,6.285998094508865,0,6600.000000000009,1.9113814074717663,33000.0,0.0,0.0,0.0,0.0,1.0,0.0,0.0,1.0,0.0,1.0,0.0,0.0,0.0,0.0
LP002740,1,0.0,1,15700.000556181243,2.44662623596404,39250.0,0.0,1.0,0.0,0.0,1.0,0.0,0.0,1.0,1.0,1.0,0.0,0.0,0.0,1.0
LP002741,1,7.953669778649798,1,12600.002309941574,1.690594701454659,46666.66666666666,0.0,1.0,0.0,0.0,0.0,1.0,0.0,0.0,1.0,1.0,0.0,1.0,0.0,0.0
LP002743,0,0.0,0,12869.999999999998,6.019644527595883,99000.0,0.0,0.0,0.0,1.0,0.0,1.0,0.0,0.0,1.0,1.0,0.0,0.0,0.0,0.0
LP002753,0,0.0,1,9500.000000000013,2.601314348302304,47500.0,0.0,0.0,0.0,0.0,0.0,1.0,0.0,0.0,1.0,0.0,1.0,1.0,0.0,0.0
LP002755,1,7.83399634170946,1,12800.000000000016,2.6873819021625063,42666.66666666666,0.0,0.0,0.0,0.0,0.0,0.0,1.0,1.0,0.0,1.0,0.0,1.0,0.0,0.0
LP002757,1,6.498282149476434,1,10200.000000000013,2.7717391304347863,51000.0,0.0,0.0,0.0,0.0,0.0,1.0,0.0,0.0,0.0,1.0,0.0,0.0,0.0,0.0
LP002767,1,7.576097340623111,1,17050.0,3.6138194150063594,77500.0,0.0,0.0,0.0,0.0,1.0,0.0,0.0,1.0,1.0,1.0,0.0,0.0,0.0,0.0
LP002768,0,0.0,0,6827.573926149712,2.0332263032012245,80000.0,0.0,0.0,1.0,0.0,0.0,1.0,0.0,1.0,0.0,1.0,0.0,0.0,0.0,0.0
LP002772,0,7.486613313139955,1,14500.00000000002,3.365049895567421,72500.0,0.0,0.0,0.0,0.0,1.0,0.0,0.0,1.0,1.0,1.0,0.0,0.0,0.0,0.0
LP002776,0,0.0,0,13390.000000000002,2.6780000000000004,103000.0,0.0,0.0,0.0,1.0,0.0,1.0,0.0,0.0,1.0,1.0,0.0,0.0,0.0,0.0
LP002777,1,7.6093665379542115,1,11000.000000000013,2.2911893355550954,55000.0,0.0,0.0,0.0,0.0,1.0,0.0,0.0,1.0,1.0,1.0,0.0,0.0,0.0,0.0
LP002778,1,0.0,0,20800.0,3.135835971656867,53333.333333333336,0.0,0.0,0.0,1.0,1.0,0.0,0.0,1.0,1.0,0.0,0.0,0.0,1.0,0.0
LP002784,1,7.773173680482536,1,11300.000000000016,2.3217587836449587,37666.66666666666,0.0,0.0,0.0,0.0,1.0,0.0,0.0,1.0,0.0,1.0,0.0,1.0,0.0,0.0
LP002785,1,8.086717920303906,1,17380.0,2.640133677654565,52666.66666666666,0.0,0.0,0.0,0.0,0.0,0.0,1.0,1.0,1.0,1.0,0.0,1.0,0.0,0.0
LP002788,1,7.755338812846501,0,25340.000000000004,5.293503237936077,90500.0,0.0,0.0,0.0,1.0,0.0,0.0,1.0,1.0,0.0,1.0,0.0,0.0,0.0,0.0
LP002789,1,8.358666283188,0,15840.00002190338,2.015523606298941,66000.0,0.0,1.0,0.0,1.0,1.0,0.0,0.0,1.0,1.0,1.0,0.0,0.0,0.0,0.0
LP002792,1,6.940222469119639,1,2600.000000000003,0.4000000000000004,8666.666666666666,0.0,0.0,0.0,0.0,0.0,1.0,0.0,1.0,1.0,1.0,0.0,1.0,0.0,0.0
LP002794,0,7.3938782901077555,1,8400.000000000011,1.9571295433364424,42000.0,0.0,0.0,0.0,0.0,0.0,0.0,1.0,0.0,1.0,1.0,0.0,0.0,0.0,0.0
LP002795,1,0.0,1,26000.000000000036,2.56435545911826,65000.0,0.0,0.0,0.0,0.0,0.0,1.0,0.0,1.0,1.0,0.0,0.0,0.0,0.0,1.0
LP002798,1,7.8898337513942955,1,17820.0,2.718120805369128,81000.0,0.0,0.0,0.0,0.0,0.0,1.0,0.0,1.0,1.0,1.0,0.0,0.0,0.0,0.0
LP002804,1,7.7437032581737535,1,20020.0,3.0866481652790627,91000.0,0.0,0.0,0.0,0.0,0.0,1.0,0.0,0.0,1.0,1.0,0.0,0.0,0.0,0.0
LP002807,1,5.493061443340548,1,10800.000000000016,2.757212152157267,27000.0,0.0,0.0,0.0,0.0,0.0,1.0,0.0,1.0,0.0,1.0,0.0,0.0,1.0,0.0
LP002813,1,0.0,1,60000.00000000008,3.079449804968183,300000.0,0.0,0.0,0.0,0.0,0.0,1.0,0.0,0.0,1.0,0.0,0.0,1.0,0.0,0.0
LP002820,1,7.628031126930335,1,23210.0,2.9096151435376707,105500.0,0.0,0.0,0.0,0.0,1.0,0.0,0.0,1.0,1.0,1.0,0.0,0.0,0.0,0.0
LP002821,0,0.0,1,11880.000000000398,2.0482758620690342,132000.0,0.0,0.0,0.0,0.0,0.0,1.0,0.0,1.0,0.0,0.0,0.0,0.0,0.0,0.0
LP002832,1,0.0,0,36120.0,4.105011933174224,86000.0,0.0,0.0,0.0,1.0,0.0,0.0,1.0,1.0,1.0,1.0,0.0,0.0,1.0,0.0
LP002833,1,0.0,1,12000.000000000016,2.686366689053059,120000.0,0.0,0.0,0.0,0.0,1.0,0.0,0.0,1.0,0.0,1.0,0.0,0.0,0.0,0.0
LP002836,0,0.0,1,7000.000000000008,2.100210021002103,70000.0,0.0,0.0,0.0,0.0,0.0,0.0,1.0,1.0,1.0,1.0,0.0,0.0,0.0,0.0
LP002837,1,7.824445930877619,0,15989.999999999998,2.7101694915254235,24600.0,0.0,0.0,0.0,1.0,1.0,0.0,0.0,1.0,1.0,1.0,0.0,0.0,0.0,1.0
LP002840,0,0.0,0,900.000000000001,0.3784693019343991,9000.0,0.0,0.0,0.0,0.0,0.0,0.0,1.0,0.0,1.0,1.0,0.0,0.0,0.0,0.0
LP002841,1,7.632885505395133,0,13520.000000000002,2.5850860420650097,52000.0,0.0,0.0,0.0,1.0,0.0,0.0,1.0,1.0,1.0,1.0,0.0,0.0,0.0,0.0
LP002842,1,7.467942332285852,1,20460.0,3.959744532610799,62000.0,0.0,0.0,0.0,0.0,0.0,0.0,1.0,1.0,1.0,1.0,0.0,1.0,0.0,0.0
LP002847,1,7.280697195384741,0,23100.000000000004,3.517587939698493,82500.0,0.0,0.0,0.0,1.0,0.0,0.0,1.0,1.0,1.0,1.0,0.0,0.0,0.0,0.0
LP002855,1,0.0,1,30250.0,1.815072602904116,91666.66666666669,0.0,0.0,0.0,0.0,0.0,0.0,1.0,1.0,1.0,1.0,0.0,0.0,1.0,0.0
LP002862,1,7.3938782901077555,0,20570.0,2.654193548387097,46750.0,0.0,0.0,0.0,0.0,0.0,1.0,0.0,1.0,0.0,1.0,0.0,0.0,1.0,0.0
LP002863,1,0.0,0,16500.0,2.575710271620356,37500.0,0.0,0.0,0.0,0.0,0.0,1.0,0.0,1.0,1.0,1.0,0.0,0.0,0.0,1.0
LP002868,1,6.135564891081739,1,9726.984774811846,2.6870123687325544,27000.0,0.0,1.0,0.0,0.0,0.0,0.0,1.0,1.0,1.0,1.0,0.0,0.0,1.0,0.0
LP002872,1,7.701200180857446,0,17680.0,3.337738342457995,68000.0,0.0,0.0,0.0,1.0,0.0,1.0,0.0,1.0,1.0,1.0,0.0,0.0,0.0,0.0
LP002874,0,7.9157131993821155,1,11000.000000000013,1.8431635388739969,55000.0,0.0,0.0,0.0,0.0,0.0,0.0,1.0,1.0,1.0,1.0,0.0,0.0,0.0,0.0
LP002877,1,7.711101251840158,1,10700.000000000013,2.6656701544593955,35666.666666666664,0.0,0.0,0.0,0.0,1.0,0.0,0.0,1.0,1.0,1.0,0.0,1.0,0.0,0.0
LP002888,0,7.978653729082731,1,17710.0,2.9037547138875226,80500.0,0.0,0.0,0.0,0.0,0.0,0.0,1.0,1.0,1.0,0.0,1.0,0.0,0.0,0.0
LP002892,1,0.0,1,22550.0,3.448012232415902,68333.33333333333,0.0,0.0,0.0,0.0,0.0,1.0,0.0,1.0,1.0,1.0,0.0,0.0,1.0,0.0
LP002893,0,10.429339710318741,0,9000.000000000011,0.2522916491464135,45000.0,0.0,0.0,0.0,0.0,0.0,0.0,1.0,1.0,1.0,1.0,0.0,0.0,0.0,0.0
LP002894,1,0.0,1,3600.000000000004,1.137081490840178,36000.0,0.0,0.0,0.0,0.0,0.0,1.0,0.0,0.0,1.0,1.0,0.0,0.0,0.0,0.0
LP002898,1,0.0,0,7929.999999999999,4.218085106382978,30500.0,0.0,0.0,0.0,1.0,1.0,0.0,0.0,1.0,1.0,1.0,0.0,1.0,0.0,0.0
LP002911,1,7.559038255443384,0,18980.0,4.034863945578231,48666.66666666666,0.0,0.0,0.0,1.0,1.0,0.0,0.0,1.0,1.0,1.0,0.0,1.0,0.0,0.0
LP002912,1,8.006700845440367,0,17205.73703801765,2.362451879447707,57333.333333333336,0.0,1.0,0.0,0.0,1.0,0.0,0.0,1.0,1.0,1.0,0.0,1.0,0.0,0.0
LP002916,1,7.328437352895162,1,10400.000000000013,2.7232259753862302,52000.0,0.0,0.0,0.0,0.0,0.0,0.0,1.0,1.0,1.0,1.0,0.0,0.0,0.0,0.0
LP002917,0,0.0,1,7000.000000000008,3.2332563510392647,70000.0,0.0,0.0,0.0,0.0,0.0,1.0,0.0,0.0,0.0,1.0,0.0,0.0,0.0,0.0
LP002925,0,0.0,1,9400.000000000013,1.978947368421055,94000.0,0.0,0.0,0.0,0.0,0.0,1.0,0.0,1.0,1.0,1.0,0.0,0.0,0.0,0.0
LP002926,1,0.0,0,12720.0,4.666177549523111,35333.333333333336,0.0,0.0,0.0,1.0,0.0,1.0,0.0,1.0,1.0,0.0,0.0,0.0,1.0,0.0
LP002928,1,8.136518252115291,1,5040.00092397663,0.7855363036123175,28000.0,0.0,1.0,0.0,0.0,0.0,1.0,0.0,1.0,1.0,1.0,0.0,0.0,0.0,0.0
LP002931,1,0.0,0,20500.00000238512,3.4166666670641863,68333.33333333333,1.0,0.0,0.0,0.0,0.0,1.0,0.0,1.0,1.0,0.0,0.0,0.0,1.0,0.0
LP002933,0,0.0,1,29200.00000000004,3.1206583306615405,73000.0,0.0,0.0,0.0,0.0,0.0,1.0,0.0,1.0,1.0,0.0,0.0,0.0,0.0,1.0
LP002936,1,8.101980731853192,1,12780.00234294074,1.7851658531835088,71000.0,0.0,1.0,0.0,0.0,1.0,0.0,0.0,1.0,1.0,1.0,0.0,0.0,0.0,0.0
LP002938,1,0.0,1,26000.000000000036,1.6129032258064535,260000.0,0.0,0.0,0.0,0.0,0.0,0.0,1.0,1.0,1.0,0.0,0.0,0.0,0.0,0.0
LP002940,0,0.0,1,11000.000000000013,2.869814766501438,110000.0,0.0,0.0,0.0,0.0,1.0,0.0,0.0,1.0,0.0,1.0,0.0,0.0,0.0,0.0
LP002941,1,6.90875477931522,0,18700.000000000025,2.5328457266693785,46750.0,0.0,0.0,0.0,0.0,1.0,0.0,0.0,1.0,0.0,0.0,0.0,0.0,1.0,0.0
LP002943,0,0.0,0,11440.0,3.8299296953465016,88000.0,0.0,0.0,0.0,1.0,0.0,1.0,0.0,1.0,1.0,1.0,0.0,0.0,0.0,0.0
LP002945,1,0.0,1,18000.000000000022,1.806684733514004,180000.0,0.0,0.0,0.0,0.0,1.0,0.0,0.0,1.0,1.0,0.0,0.0,0.0,0.0,0.0
LP002948,1,0.0,1,21120.0,3.653979238754325,64000.0,0.0,0.0,0.0,0.0,0.0,0.0,1.0,1.0,1.0,1.0,0.0,0.0,1.0,0.0
LP002949,0,10.637488727104339,0,45500.00001270257,1.0811966830478477,70000.0,0.0,1.0,0.0,1.0,0.0,0.0,1.0,0.0,1.0,0.0,1.0,0.0,0.0,1.0
LP002950,1,7.934871565945177,1,17050.0,2.998593035525853,77500.0,0.0,0.0,0.0,0.0,1.0,0.0,0.0,1.0,0.0,0.0,1.0,0.0,0.0,0.0
LP002953,1,0.0,1,12800.000000000016,2.2444327546905165,32000.0,0.0,0.0,0.0,0.0,0.0,0.0,1.0,1.0,1.0,1.0,0.0,0.0,0.0,1.0
LP002958,0,8.366835309827675,1,18920.0,2.3718189795662528,86000.0,0.0,0.0,0.0,0.0,1.0,0.0,0.0,1.0,1.0,1.0,0.0,0.0,0.0,0.0
LP002959,1,0.0,1,54560.0,4.546666666666667,248000.0,0.0,0.0,0.0,0.0,0.0,1.0,0.0,0.0,1.0,1.0,0.0,1.0,0.0,0.0
LP002960,1,8.24301946898925,0,10170.001864452845,1.6403228813633617,56500.0,0.0,1.0,0.0,0.0,0.0,0.0,1.0,1.0,0.0,1.0,0.0,0.0,0.0,0.0
LP002961,1,7.824445930877619,1,19030.0,3.2254237288135594,57666.66666666666,0.0,0.0,0.0,0.0,0.0,1.0,0.0,1.0,1.0,1.0,0.0,1.0,0.0,0.0
LP002964,1,7.252762418053187,1,17270.0,3.1993330863282696,39250.0,0.0,0.0,0.0,0.0,1.0,0.0,0.0,1.0,0.0,1.0,0.0,0.0,1.0,0.0
LP002974,1,7.576097340623111,1,10800.000000000016,2.0841373986877683,54000.0,0.0,0.0,0.0,0.0,1.0,0.0,0.0,1.0,1.0,1.0,0.0,0.0,0.0,0.0
LP002978,0,0.0,1,7100.000000000009,2.448275862068969,71000.0,0.0,0.0,0.0,0.0,1.0,0.0,0.0,0.0,1.0,1.0,0.0,0.0,0.0,0.0
LP002979,1,0.0,1,3600.000659983307,0.8767658694552622,10000.0,0.0,1.0,0.0,0.0,1.0,0.0,0.0,1.0,1.0,1.0,0.0,0.0,0.0,1.0
LP002983,1,5.484796933490655,1,27830.0,3.3481713185755533,84333.33333333333,0.0,0.0,0.0,0.0,0.0,0.0,1.0,1.0,1.0,1.0,0.0,1.0,0.0,0.0
LP002984,1,0.0,1,20570.0,2.712646709745483,62333.333333333336,0.0,0.0,0.0,0.0,0.0,0.0,1.0,1.0,1.0,1.0,0.0,0.0,1.0,0.0
LP002990,0,0.0,0,15960.0,3.4824350861880866,133000.0,0.0,0.0,0.0,1.0,0.0,1.0,0.0,0.0,1.0,0.0,0.0,0.0,0.0,0.0
